-- phpMyAdmin SQL Dump
-- version 4.5.4.1deb2ubuntu2
-- http://www.phpmyadmin.net
--
-- Servidor: localhost
-- Tiempo de generación: 05-06-2017 a las 23:03:27
-- Versión del servidor: 5.7.18-0ubuntu0.16.04.1
-- Versión de PHP: 7.0.15-0ubuntu0.16.04.4

SET SQL_MODE = "NO_AUTO_VALUE_ON_ZERO";
SET time_zone = "+00:00";


/*!40101 SET @OLD_CHARACTER_SET_CLIENT=@@CHARACTER_SET_CLIENT */;
/*!40101 SET @OLD_CHARACTER_SET_RESULTS=@@CHARACTER_SET_RESULTS */;
/*!40101 SET @OLD_COLLATION_CONNECTION=@@COLLATION_CONNECTION */;
/*!40101 SET NAMES utf8mb4 */;

--
-- Base de datos: `carritoe_alfed`
--

-- --------------------------------------------------------

--
-- Estructura de tabla para la tabla `agencias`
--

CREATE TABLE `agencias` (
  `idAgencias` int(11) NOT NULL,
  `nombre_agencia` varchar(45) DEFAULT NULL,
  `descripcion` varchar(450) DEFAULT NULL,
  `localizacion` varchar(45) DEFAULT NULL,
  `estado` int(11) DEFAULT NULL
) ENGINE=InnoDB DEFAULT CHARSET=utf8;

--
-- Volcado de datos para la tabla `agencias`
--

INSERT INTO `agencias` (`idAgencias`, `nombre_agencia`, `descripcion`, `localizacion`, `estado`) VALUES
(1, 'UdN Tlatelolco', 'jose.flores@unilever.com', NULL, 1),
(2, 'UdN Acapulco', 'jose.flores@unilever.com', NULL, 1),
(3, 'UdN Aguascalientes', 'jose.flores@unilever.com', NULL, 1),
(4, 'UdN Cancún', 'jose.flores@unilever.com', NULL, 1),
(5, 'UdN Cd. Juarez', 'jose.flores@unilever.com', NULL, 1),
(6, 'UdN Chihuahua', 'jose.flores@unilever.com', NULL, 1),
(7, 'UdN Coatzacoalcos', 'jose.flores@unilever.com', NULL, 1),
(8, 'UdN Colima', 'jose.flores@unilever.com', NULL, 1),
(9, 'UdN Cuernavaca', 'jose.flores@unilever.com', NULL, 1),
(10, 'UdN Culiacan', 'jose.flores@unilever.com', NULL, 1),
(11, 'UdN Durango', 'jose.flores@unilever.com', NULL, 1),
(12, 'UdN Ecatepec', 'jose.flores@unilever.com', NULL, 1),
(13, 'UdN Guadalajara', 'jose.flores@unilever.com', NULL, 1),
(14, 'UdN Gómez Palacio', 'jose.flores@unilever.com', NULL, 1),
(15, 'UdN Hermosillo', 'jose.flores@unilever.com', NULL, 1),
(16, 'UdN La Paz', 'jose.flores@unilever.com', NULL, 1),
(17, 'UdN Leon', 'jose.flores@unilever.com', NULL, 1),
(18, 'UdN Mazatlan', 'jose.flores@unilever.com', NULL, 1),
(19, 'UdN Merida', 'jose.flores@unilever.com', NULL, 1),
(20, 'UdN Mexicali', 'jose.flores@unilever.com', NULL, 1),
(21, 'UdN Mochis', 'jose.flores@unilever.com', NULL, 1),
(22, 'UdN Monclova', 'jose.flores@unilever.com', NULL, 1),
(23, 'UdN Monterrey', 'jose.flores@unilever.com', NULL, 1),
(24, 'UdN Morelia', 'jose.flores@unilever.com', NULL, 1),
(25, 'UdN Oaxaca', 'jose.flores@unilever.com', NULL, 1),
(26, 'UdN Pachuca', 'jose.flores@unilever.com', NULL, 1),
(27, 'UdN Pto Vallarta', 'jose.flores@unilever.com', NULL, 1),
(28, 'UdN Puebla', 'jose.flores@unilever.com', NULL, 1),
(29, 'UdN Reynosa', 'jose.flores@unilever.com', NULL, 1),
(30, 'UdN Saltillo', 'jose.flores@unilever.com', NULL, 1),
(31, 'UdN SLP', 'jose.flores@unilever.com', NULL, 1),
(32, 'UdN Tampico', 'jose.flores@unilever.com', NULL, 1),
(33, 'UdN Tepic', 'jose.flores@unilever.com', NULL, 1),
(34, 'UdN Tijuana', 'jose.flores@unilever.com', NULL, 1),
(35, 'UdN Tlahuac', 'jose.flores@unilever.com', NULL, 1),
(36, 'UdN Toluca', 'jose.flores@unilever.com', NULL, 1),
(37, 'UdN Tultitlán', 'jose.flores@unilever.com', NULL, 1),
(38, 'UdN Veracruz', 'jose.flores@unilever.com', NULL, 1),
(39, 'UdN Villahermosa', 'jose.flores@unilever.com', NULL, 1),
(40, 'UdN Zacatecas', 'jose.flores@unilever.com', NULL, 1),
(41, 'Almacen General', 'jose.flores@unilever.com', NULL, 1),
(42, 'UdN Cd. Obregon', 'jose.flores@unilever.com', NULL, 1);

-- --------------------------------------------------------

--
-- Estructura de tabla para la tabla `categorias`
--

CREATE TABLE `categorias` (
  `idCategorias` int(11) NOT NULL,
  `Nombre` varchar(45) DEFAULT NULL,
  `estado` int(11) DEFAULT NULL
) ENGINE=InnoDB DEFAULT CHARSET=utf8;

--
-- Volcado de datos para la tabla `categorias`
--

INSERT INTO `categorias` (`idCategorias`, `Nombre`, `estado`) VALUES
(1, 'Zapatos', 1),
(2, 'Fajas', 1),
(3, 'Guantes', 1),
(4, 'Chamarras', 1),
(5, 'Pantalones', 1),
(6, 'Botas', 1),
(7, 'Pants', 1),
(8, 'Pasamontañas', 1),
(9, 'Calcetas', 1);

-- --------------------------------------------------------

--
-- Estructura de tabla para la tabla `entradas`
--

CREATE TABLE `entradas` (
  `idEntradas` bigint(20) NOT NULL,
  `registro` timestamp NULL DEFAULT CURRENT_TIMESTAMP ON UPDATE CURRENT_TIMESTAMP,
  `cantidad` int(11) DEFAULT '0',
  `idTiket` int(11) NOT NULL,
  `idProductos` int(11) NOT NULL
) ENGINE=InnoDB DEFAULT CHARSET=utf8;

--
-- Volcado de datos para la tabla `entradas`
--

INSERT INTO `entradas` (`idEntradas`, `registro`, `cantidad`, `idTiket`, `idProductos`) VALUES
(283, '2017-01-19 00:36:38', 5, 123, 29),
(284, '2017-01-19 00:36:46', 13, 123, 32),
(285, '2017-01-19 00:36:53', 6, 123, 35),
(287, '2017-01-19 00:37:22', 5, 123, 31),
(288, '2017-01-19 00:37:33', 10, 123, 34),
(289, '2017-01-19 00:37:46', 4, 123, 30),
(290, '2017-01-19 00:38:10', 7, 123, 33),
(291, '2017-01-19 00:38:17', 4, 123, 36),
(293, '2017-01-19 00:39:42', 12, 124, 22),
(294, '2017-01-19 00:39:56', 5, 124, 21),
(295, '2017-01-19 00:40:18', 9, 124, 20),
(296, '2017-01-19 00:41:01', 5, 124, 26),
(297, '2017-01-19 00:41:22', 9, 124, 25),
(298, '2017-01-19 00:41:42', 12, 124, 27),
(299, '2017-01-19 00:42:32', 36, 125, 47),
(300, '2017-01-19 00:43:06', 12, 125, 46),
(301, '2017-01-19 00:43:21', 6, 125, 40),
(302, '2017-01-19 00:43:40', 6, 125, 41),
(303, '2017-01-19 00:44:14', 36, 125, 45),
(304, '2017-01-19 00:45:03', 44, 126, 20),
(305, '2017-01-19 00:45:14', 32, 126, 21),
(306, '2017-01-19 00:45:24', 15, 126, 12),
(307, '2017-01-19 00:45:33', 25, 126, 15),
(308, '2017-01-19 00:46:27', 132, 127, 17),
(309, '2017-01-19 00:46:43', 172, 127, 18),
(310, '2017-01-19 00:48:09', 12, 128, 2),
(311, '2017-01-19 00:48:19', 10, 128, 3),
(312, '2017-01-19 00:51:26', 24, 128, 4),
(313, '2017-01-19 00:51:49', 36, 128, 6),
(314, '2017-01-19 00:52:26', 28, 128, 7),
(315, '2017-01-19 00:52:57', 10, 128, 9),
(316, '2017-01-19 00:55:21', 11, 129, 8);

-- --------------------------------------------------------

--
-- Estructura de tabla para la tabla `existencias`
--

CREATE TABLE `existencias` (
  `idExistencias` bigint(20) NOT NULL,
  `registro` timestamp NULL DEFAULT CURRENT_TIMESTAMP ON UPDATE CURRENT_TIMESTAMP,
  `cantidad_entradas` int(11) DEFAULT '0',
  `cantidada_salidas` int(11) DEFAULT '0',
  `cantidad_traslados` int(11) DEFAULT NULL,
  `existencia` int(11) DEFAULT '0',
  `estado` varchar(45) DEFAULT NULL,
  `idProductos` int(11) NOT NULL,
  `idAgencias` int(11) NOT NULL
) ENGINE=InnoDB DEFAULT CHARSET=utf8;

--
-- Volcado de datos para la tabla `existencias`
--

INSERT INTO `existencias` (`idExistencias`, `registro`, `cantidad_entradas`, `cantidada_salidas`, `cantidad_traslados`, `existencia`, `estado`, `idProductos`, `idAgencias`) VALUES
(90, '2017-06-01 06:12:11', 4, 2, NULL, 2, NULL, 36, 41),
(91, '2017-06-01 10:01:07', 7, 27, NULL, -20, NULL, 33, 41),
(92, '2017-06-01 06:12:11', 4, 1, NULL, 3, NULL, 30, 41),
(93, '2017-06-01 10:01:07', 10, 9, NULL, 1, NULL, 34, 41),
(94, '2017-01-19 00:38:41', 5, 0, NULL, 5, NULL, 31, 41),
(95, '2017-06-01 10:01:29', 6, 8, NULL, -2, NULL, 35, 41),
(96, '2017-06-01 06:11:02', 13, 29, NULL, -16, NULL, 32, 41),
(97, '2017-06-01 06:12:11', 5, 2, NULL, 3, NULL, 29, 41),
(98, '2017-06-01 10:01:29', 12, 8, NULL, 4, NULL, 27, 41),
(99, '2017-06-01 10:01:07', 9, 9, NULL, 0, NULL, 25, 41),
(100, '2017-06-01 10:01:29', 5, 8, NULL, -3, NULL, 26, 41),
(101, '2017-06-01 10:01:07', 53, 11, NULL, 42, NULL, 20, 41),
(102, '2017-06-01 10:01:07', 37, 9, NULL, 28, NULL, 21, 41),
(103, '2017-06-01 10:01:29', 12, 13, NULL, -1, NULL, 22, 41),
(104, '2017-06-01 10:01:29', 36, 62, NULL, -26, NULL, 45, 41),
(105, '2017-06-01 10:01:29', 6, 10, NULL, -4, NULL, 41, 41),
(106, '2017-06-01 10:01:07', 6, 6, NULL, 0, NULL, 40, 41),
(107, '2017-06-01 10:01:29', 12, 36, NULL, -24, NULL, 46, 41),
(108, '2017-06-01 10:01:29', 36, 28, NULL, 8, NULL, 47, 41),
(109, '2017-06-01 10:01:29', 25, 122, NULL, -97, NULL, 15, 41),
(110, '2017-06-01 10:01:29', 15, 24, NULL, -9, NULL, 12, 41),
(111, '2017-06-01 10:01:29', 172, 193, NULL, -21, NULL, 18, 41),
(112, '2017-06-01 10:01:29', 132, 297, NULL, -165, NULL, 17, 41),
(113, '2017-05-02 16:36:27', 10, 2, NULL, 8, NULL, 9, 41),
(114, '2017-06-01 10:01:29', 28, 127, NULL, -99, NULL, 7, 41),
(115, '2017-06-01 10:01:29', 36, 121, NULL, -85, NULL, 6, 41),
(116, '2017-06-01 10:01:29', 24, 41, NULL, -17, NULL, 4, 41),
(117, '2017-06-01 10:01:29', 10, 6, NULL, 4, NULL, 3, 41),
(118, '2017-06-01 10:01:29', 12, 6, NULL, 6, NULL, 2, 41),
(119, '2017-06-01 10:01:29', 11, 50, NULL, -39, NULL, 8, 41),
(120, '2017-06-01 10:01:29', 0, 22, NULL, -22, NULL, 5, 41),
(121, '2017-06-01 10:01:29', 0, 157, NULL, -157, NULL, 13, 41),
(122, '2017-06-01 10:01:29', 0, 181, NULL, -181, NULL, 14, 41),
(123, '2017-06-01 10:01:29', 0, 84, NULL, -84, NULL, 16, 41),
(124, '2017-05-08 20:39:57', 0, 1, NULL, -1, NULL, 10, 41),
(125, '2017-06-01 10:01:29', 0, 7, NULL, -7, NULL, 42, 41),
(126, '2017-06-01 10:01:29', 0, 3, NULL, -3, NULL, 37, 41),
(127, '2017-06-01 06:11:02', 0, 1, NULL, -1, NULL, 39, 41),
(128, '2017-06-01 06:11:02', 0, 1, NULL, -1, NULL, 24, 41),
(129, '2017-06-01 06:11:02', 0, 1, NULL, -1, NULL, 19, 41),
(130, '2017-06-01 10:01:29', 0, 11, NULL, -11, NULL, 44, 41),
(131, '2017-06-01 06:12:11', 0, 1, NULL, -1, NULL, 43, 41),
(132, '2017-06-01 06:12:11', 0, 1, NULL, -1, NULL, 28, 41),
(133, '2017-06-01 06:12:11', 0, 1, NULL, -1, NULL, 23, 41);

-- --------------------------------------------------------

--
-- Estructura de tabla para la tabla `long`
--

CREATE TABLE `long` (
  `idLong` bigint(20) NOT NULL,
  `Descripcion` varchar(450) DEFAULT NULL,
  `registro` timestamp NULL DEFAULT CURRENT_TIMESTAMP ON UPDATE CURRENT_TIMESTAMP,
  `idUsuario` int(11) NOT NULL
) ENGINE=InnoDB DEFAULT CHARSET=utf8;

-- --------------------------------------------------------

--
-- Estructura de tabla para la tabla `productos`
--

CREATE TABLE `productos` (
  `idProductos` int(11) NOT NULL,
  `sku` varchar(45) DEFAULT NULL,
  `nombre` varchar(45) DEFAULT NULL,
  `descripcion` varchar(450) DEFAULT NULL,
  `talla` varchar(45) DEFAULT NULL,
  `estado` int(11) DEFAULT NULL,
  `idCategorias` int(11) NOT NULL,
  `registro` datetime DEFAULT NULL,
  `idUsuario` int(11) NOT NULL,
  `url` varchar(450) DEFAULT NULL
) ENGINE=InnoDB DEFAULT CHARSET=utf8;

--
-- Volcado de datos para la tabla `productos`
--

INSERT INTO `productos` (`idProductos`, `sku`, `nombre`, `descripcion`, `talla`, `estado`, `idCategorias`, `registro`, `idUsuario`, `url`) VALUES
(2, 'x', 'Zapato de seguridad Retryver', '-', '23', 1, 1, '2017-04-11 14:55:25', 6, 'productos/2.jpg'),
(3, 'x', 'Zapato de seguridad Retryver', '-', '24', 1, 1, '2017-04-11 14:57:31', 6, 'productos/3.jpg'),
(4, 'x', 'Zapato de seguridad Retryver', '-', '26', 1, 1, '2017-04-11 14:55:39', 6, 'productos/4.jpg'),
(5, 'x', 'Zapato de seguridad Retryver', '-', '25', 1, 1, '2017-04-20 22:03:34', 6, 'productos/5.jpg'),
(6, 'x', 'Zapato de seguridad Retryver', '-', '27', 1, 1, '2017-04-11 14:54:14', 6, 'productos/6.jpg'),
(7, 'x', 'Zapato de seguridad Retryver', '-', '28', 1, 1, '2017-04-11 14:55:02', 6, 'productos/7.jpg'),
(8, 'x', 'Zapato de seguridad Retryver', '-', '29', 1, 1, '2017-04-11 14:56:12', 6, 'productos/8.jpg'),
(9, 'x', 'Zapato de seguridad Retryver', '-', '30', 1, 1, '2017-04-11 14:53:17', 6, 'productos/9.jpg'),
(10, 'x', 'Zapato de seguridad Retryver', '-', '31', 1, 1, '2017-04-11 14:53:52', 6, 'productos/10.jpg'),
(11, 'x', 'Zapato de seguridad Retryver', '-', '32', 1, 1, '2017-04-11 14:55:54', 6, 'productos/11.jpg'),
(12, 'x', 'Faja elastica  Jyrsa 8163C ', '-', 'CHI', 1, 2, '2017-04-11 15:02:35', 6, 'productos/12.jpg'),
(13, 'x', 'Faja elastica  Jyrsa 8163C ', '-', 'MED', 1, 2, '2017-04-11 15:02:05', 6, 'productos/13.jpg'),
(14, 'x', 'Faja elastica  Jyrsa 8163C ', '-', 'GDE', 1, 2, '2017-04-11 15:02:55', 6, 'productos/14.jpg'),
(15, 'x', 'Faja elastica  Jyrsa 8163C ', '-', 'EXTRA-GDE', 1, 2, '2017-04-11 15:02:19', 6, 'productos/15.jpg'),
(16, 'x', 'Guante para vendedor', '-', 'CHI', 1, 3, '2017-03-14 20:51:16', 6, 'productos/16.jpg'),
(17, 'x', 'Guante para vendedor', '-', 'MED', 1, 3, '2017-03-14 20:50:57', 6, 'productos/17.jpg'),
(18, 'x', 'Guante para vendedor', '-', 'GDE', 1, 3, '2017-03-14 20:50:29', 6, 'productos/18.jpg'),
(19, 'X', 'Chamarra termica Dry Drop', '-', 'CHI', 1, 4, '2017-04-11 14:59:48', 6, 'productos/19.jpg'),
(20, 'X', 'Chamarra termica Dry Drop', '-', 'MED', 1, 4, '2017-04-11 15:01:11', 6, 'productos/20.jpg'),
(21, 'X', 'Chamarra termica Dry Drop', '-', 'GDE', 1, 4, '2017-04-11 15:00:52', 6, 'productos/21.jpg'),
(22, 'X', 'Chamarra termica Dry Drop', '-', 'EXTRA-GDE', 1, 4, '2017-04-11 14:59:33', 6, 'productos/22.jpg'),
(23, 'X', 'Chamarra termica Dry Drop', '-', 'DOBLE-EXTRA-GDE', 1, 4, '2017-04-11 15:00:22', 6, 'productos/23.jpg'),
(24, 'P', 'Pantalon termica Dry Drop talla', '-', 'CHI', 1, 5, '2017-04-11 15:04:17', 6, 'productos/24.jpg'),
(25, 'P', 'Pantalon termica Dry Drop talla', '-', 'MED', 1, 5, '2017-04-11 15:05:26', 6, 'productos/25.jpg'),
(26, 'P', 'Pantalon termica Dry Drop talla', '-', 'GDE', 1, 5, '2017-04-11 15:05:03', 6, 'productos/26.jpg'),
(27, 'P', 'Pantalon termica Dry Drop talla', '-', 'EXTRA-GDE', 1, 5, '2017-04-11 15:04:47', 6, 'productos/27.jpg'),
(28, 'P', 'Pantalon termica Dry Drop talla', '-', 'DOBLE-EXTRA-GDE', 1, 5, '2017-04-11 15:04:33', 6, 'productos/28.jpg'),
(29, 'B', 'Bota termica Salvatore', '-', '23', 1, 6, '2017-04-11 14:37:31', 6, 'productos/29.jpg'),
(30, 'B', 'Bota termica Salvatore', '-', '24', 1, 6, '2017-04-11 14:32:31', 6, 'productos/30.jpg'),
(31, 'BB', 'Bota termica Salvatore', '-', '25', 1, 6, '2017-04-11 14:46:09', 6, 'productos/31.jpg'),
(32, 'B', 'Bota termica Salvatore', '-', '26', 1, 6, '2017-04-11 14:47:44', 6, 'productos/32.jpg'),
(33, 'B', 'Bota termica Salvatore', '-', '27', 1, 6, '2017-04-11 14:47:12', 6, 'productos/33.jpg'),
(34, 'B', 'Bota termica Salvatore', '-', '28', 1, 6, '2017-04-11 14:36:27', 6, 'productos/34.jpg'),
(35, 'BB', 'Bota termica Salvatore', '-', '29', 1, 6, '2017-04-11 14:37:00', 6, 'productos/35.jpg'),
(36, 'B', 'Bota termica Salvatore', '-', '30', 1, 6, '2017-04-11 14:45:39', 6, 'productos/36.jpg'),
(37, 'B', 'Bota termica Salvatore', '-', '31', 1, 6, '2017-04-11 14:44:21', 6, 'productos/37.jpg'),
(38, 'B', 'Bota termica Salvatore', '-', '32', 1, 6, '2017-04-11 14:37:56', 6, 'productos/38.jpg'),
(39, 'P', 'Pants termico', '-', 'CHI', 1, 7, '2015-12-25 19:51:32', 3, 'productos/dmitry_s.jpg'),
(40, 'P', 'Pants termico', '-', 'MED', 1, 7, '2015-12-25 19:51:32', 3, 'productos/dmitry_s.jpg'),
(41, 'P', 'Pants termico', '-', 'GDE', 1, 7, '2015-12-25 19:51:32', 3, 'productos/dmitry_s.jpg'),
(42, 'PP', 'Pants termico', '-', 'EXTRA-GDE', 1, 7, '2015-12-25 19:51:32', 3, 'productos/dmitry_s.jpg'),
(43, 'P', 'Pants termico', '-', 'DOBLE-EXTRA-GDE', 1, 7, '2015-12-25 19:51:32', 3, 'productos/dmitry_s.jpg'),
(44, 'G', 'Guante termico Ninja ICE', '-', 'MED', 1, 3, '2017-03-14 20:52:54', 6, 'productos/44.jpg'),
(45, 'G', 'Guante termico Ninja ICE', '-', 'GDE', 1, 3, '2017-03-14 20:53:17', 6, 'productos/45.jpg'),
(46, 'P', 'Pasamontaña termico Refrigiwear', '-', 'UNITALLA', 1, 8, '2017-04-11 14:52:15', 6, 'productos/46.jpg'),
(47, 'C', 'Calceta termica Refrigiwear', '-', 'UNITALLA', 1, 9, '2017-04-11 14:49:00', 6, 'productos/47.jpg'),
(48, NULL, 'Chaleco Angel de la Seguridad', '-', 'Unitalla', 1, 4, '2017-05-02 16:48:20', 6, 'productos/dmitry_s.jpg');

-- --------------------------------------------------------

--
-- Estructura de tabla para la tabla `salida`
--

CREATE TABLE `salida` (
  `idSalida` bigint(20) NOT NULL,
  `registro` timestamp NULL DEFAULT CURRENT_TIMESTAMP ON UPDATE CURRENT_TIMESTAMP,
  `cantidad` varchar(45) DEFAULT NULL,
  `idTiket` int(11) NOT NULL,
  `idProductos` int(11) NOT NULL
) ENGINE=InnoDB DEFAULT CHARSET=utf8;

--
-- Volcado de datos para la tabla `salida`
--

INSERT INTO `salida` (`idSalida`, `registro`, `cantidad`, `idTiket`, `idProductos`) VALUES
(1, '2017-02-11 13:50:41', '10', 131, 6),
(2, '2017-02-11 13:50:54', '3', 131, 7),
(3, '2017-02-11 13:50:59', '10', 131, 5),
(4, '2017-02-11 13:47:08', '10', 131, 14),
(5, '2017-02-11 13:47:20', '10', 131, 13),
(6, '2017-02-11 13:47:42', '3', 131, 12),
(7, '2017-02-15 19:29:15', '14', 137, 32),
(8, '2017-02-15 19:29:38', '12', 137, 33),
(9, '2017-02-15 19:30:23', '20', 137, 15),
(10, '2017-03-15 15:00:46', '2', 136, 38),
(12, '2017-02-22 17:23:43', '10', 138, 14),
(13, '2017-02-22 17:25:01', '10', 138, 13),
(14, '2017-02-28 19:47:50', '1', 134, 38),
(15, '2017-03-08 00:04:19', '2', 140, 34),
(16, '2017-03-08 00:04:22', '1', 140, 35),
(17, '2017-03-08 00:04:35', '1', 140, 22),
(18, '2017-03-08 00:04:58', '4', 140, 47),
(19, '2017-03-08 00:05:15', '6', 140, 45),
(20, '2017-03-08 00:05:24', '1', 140, 27),
(21, '2017-03-08 00:05:41', '4', 140, 46),
(24, '2017-03-15 15:00:34', '1', 136, 33),
(25, '2017-03-16 20:41:35', '4', 132, 4),
(26, '2017-03-16 20:41:50', '1', 132, 8),
(27, '2017-03-16 20:43:20', '3', 132, 7),
(28, '2017-03-16 20:43:42', '4', 132, 6),
(29, '2017-03-16 20:45:08', '15', 132, 13),
(30, '2017-03-24 00:50:23', '20', 139, 15),
(31, '2017-03-24 00:50:11', '10', 139, 14),
(32, '2017-04-01 12:31:27', '1', 147, 36),
(34, '2017-04-17 14:07:29', '1', 146, 8),
(35, '2017-04-19 13:46:24', '1', 150, 9),
(36, '2017-04-19 13:46:28', '3', 150, 8),
(37, '2017-04-19 13:47:52', '7', 150, 7),
(38, '2017-04-19 13:47:33', '14', 150, 6),
(39, '2017-04-19 13:48:22', '4', 150, 5),
(40, '2017-04-19 13:50:11', '9', 150, 14),
(41, '2017-04-19 13:50:33', '4', 150, 15),
(42, '2017-04-19 13:50:52', '11', 150, 13),
(43, '2017-04-19 13:51:15', '3', 150, 12),
(44, '2017-04-19 13:52:35', '30', 150, 16),
(45, '2017-04-19 13:52:57', '20', 150, 17),
(46, '2017-04-19 13:53:14', '20', 150, 18),
(48, '2017-04-26 17:39:52', '1', 149, 9),
(49, '2017-04-26 17:45:25', '3', 149, 8),
(50, '2017-04-26 17:47:10', '4', 149, 7),
(51, '2017-04-26 17:47:46', '7', 149, 6),
(52, '2017-04-26 17:42:01', '1', 149, 4),
(53, '2017-04-26 17:48:10', '5', 149, 16),
(54, '2017-04-26 17:48:14', '10', 149, 17),
(55, '2017-04-26 17:48:18', '10', 149, 18),
(56, '2017-04-26 17:48:59', '3', 149, 15),
(57, '2017-04-26 17:49:56', '10', 149, 14),
(58, '2017-04-26 17:50:27', '5', 149, 13),
(59, '2017-04-26 17:43:09', '1', 149, 12),
(68, '2017-05-08 20:29:46', '3', 167, 5),
(69, '2017-05-08 20:25:28', '2', 167, 3),
(70, '2017-05-08 20:26:06', '9', 167, 4),
(71, '2017-05-08 20:28:23', '18', 167, 6),
(72, '2017-05-08 20:29:16', '13', 167, 7),
(73, '2017-05-08 20:30:17', '3', 167, 8),
(74, '2017-05-08 20:30:39', '1', 167, 10),
(75, '2017-05-08 20:33:32', '31', 167, 13),
(76, '2017-05-08 20:34:13', '16', 167, 14),
(77, '2017-05-08 20:34:37', '5', 167, 15),
(78, '2017-05-08 20:38:06', '50', 167, 17),
(79, '2017-05-08 21:27:09', '40', 168, 17),
(80, '2017-05-09 00:46:10', '5', 141, 4),
(81, '2017-05-09 00:49:05', '4', 141, 6),
(82, '2017-05-09 00:48:16', '3', 141, 7),
(83, '2017-05-09 00:48:28', '1', 141, 3),
(84, '2017-05-09 00:50:04', '8', 141, 16),
(85, '2017-05-09 00:50:05', '14', 141, 17),
(86, '2017-05-09 00:49:59', '11', 141, 18),
(87, '2017-05-09 00:50:33', '4', 141, 12),
(88, '2017-05-09 00:50:37', '5', 141, 13),
(89, '2017-05-09 00:50:51', '6', 141, 14),
(90, '2017-05-09 00:50:49', '8', 141, 15),
(91, '2017-05-11 20:30:44', '1', 136, 29),
(93, '2017-05-11 20:43:23', '4', 151, 4),
(96, '2017-05-18 00:39:25', '7', 142, 33),
(97, '2017-05-18 00:39:39', '2', 142, 32),
(98, '2017-05-18 00:41:17', '1', 142, 31),
(99, '2017-05-18 00:42:26', '5', 142, 34),
(100, '2017-05-18 00:42:51', '3', 142, 35),
(101, '2017-05-18 00:43:00', '1', 142, 36),
(102, '2017-05-18 00:46:16', '8', 142, 16),
(103, '2017-05-18 00:46:31', '5', 142, 17),
(104, '2017-05-18 00:46:51', '8', 142, 18),
(105, '2017-05-18 00:47:49', '4', 142, 12),
(106, '2017-05-18 00:48:02', '4', 142, 13),
(107, '2017-05-18 00:48:27', '7', 142, 14),
(108, '2017-05-18 00:48:29', '2', 142, 15),
(109, '2017-05-22 19:34:36', '6', 173, 13),
(110, '2017-05-22 19:34:15', '8', 173, 14),
(111, '2017-05-22 19:34:27', '4', 173, 15),
(114, '2017-05-22 19:46:49', '3', 173, 6),
(115, '2017-05-22 19:44:51', '1', 173, 8),
(116, '2017-05-22 19:45:37', '3', 173, 9),
(117, '2017-05-22 19:45:12', '1', 173, 10),
(118, '2017-05-22 19:45:24', '2', 173, 7),
(119, '2017-05-22 19:46:26', '1', 173, 5),
(120, '2017-05-22 19:46:33', '1', 173, 2),
(121, '2017-05-31 09:25:40', '1', 175, 35),
(122, '2017-05-31 09:25:50', '1', 175, 37),
(123, '2017-05-31 09:26:35', '1', 175, 22),
(124, '2017-05-31 09:26:46', '1', 175, 21),
(125, '2017-05-31 09:27:08', '1', 175, 14),
(126, '2017-05-31 09:27:25', '1', 175, 15),
(127, '2017-05-31 09:28:34', '4', 175, 45),
(128, '2017-05-31 09:28:49', '1', 175, 27),
(129, '2017-05-31 09:29:01', '1', 175, 26),
(130, '2017-05-31 09:29:33', '2', 175, 41),
(132, '2017-05-31 09:29:34', '2', 175, 42),
(133, '2017-05-31 09:29:44', '4', 175, 46),
(134, '2017-05-31 09:31:56', '1', 158, 6),
(135, '2017-05-31 09:31:58', '2', 158, 7),
(136, '2017-05-31 09:32:04', '1', 158, 8),
(138, '2017-05-31 09:36:33', '2', 178, 6),
(139, '2017-05-31 09:36:45', '4', 178, 7),
(140, '2017-05-31 09:37:07', '3', 178, 17),
(141, '2017-05-31 09:37:19', '3', 178, 18),
(142, '2017-05-31 09:37:32', '3', 178, 15),
(143, '2017-05-31 09:37:45', '3', 178, 14),
(144, '2017-05-31 09:40:07', '1', 180, 15),
(145, '2017-05-31 09:40:19', '5', 180, 14),
(146, '2017-05-31 09:40:37', '3', 180, 17),
(147, '2017-05-31 09:40:39', '3', 180, 18),
(148, '2017-05-31 09:41:01', '1', 180, 6),
(149, '2017-05-31 09:41:15', '3', 180, 7),
(150, '2017-05-31 09:41:20', '1', 180, 8),
(151, '2017-05-31 09:42:36', '3', 145, 7),
(152, '2017-05-31 09:43:20', '2', 145, 8),
(153, '2017-05-31 09:42:53', '2', 145, 15),
(154, '2017-05-31 09:43:17', '3', 145, 14),
(155, '2017-05-31 09:43:39', '2', 145, 17),
(156, '2017-05-31 09:43:41', '3', 145, 18),
(157, '2017-05-31 09:45:12', '2', 152, 6),
(158, '2017-05-31 09:45:13', '3', 152, 7),
(159, '2017-05-31 09:45:20', '2', 152, 8),
(160, '2017-05-31 09:45:33', '6', 152, 18),
(161, '2017-05-31 09:45:48', '5', 152, 15),
(162, '2017-05-31 09:45:53', '1', 152, 13),
(173, '2017-05-31 10:36:59', '3', 182, 4),
(174, '2017-05-31 10:36:57', '3', 182, 6),
(175, '2017-05-31 10:37:26', '10', 182, 7),
(176, '2017-05-31 10:37:40', '3', 182, 8),
(180, '2017-06-01 13:02:49', '8', 179, 8),
(181, '2017-05-31 10:43:57', '1', 182, 12),
(182, '2017-05-31 10:48:40', '7', 182, 13),
(183, '2017-05-31 10:52:57', '6', 182, 14),
(185, '2017-05-31 10:52:39', '6', 182, 15),
(186, '2017-05-31 10:53:05', '5', 183, 4),
(187, '2017-05-31 10:53:36', '7', 183, 6),
(188, '2017-05-31 10:53:51', '3', 182, 16),
(189, '2017-05-31 10:54:45', '13', 182, 18),
(190, '2017-05-31 10:55:12', '7', 182, 17),
(191, '2017-05-31 10:55:34', '9', 183, 7),
(192, '2017-05-31 10:55:43', '5', 183, 8),
(193, '2017-05-31 10:56:31', '1', 182, 32),
(194, '2017-05-31 10:56:33', '1', 182, 33),
(195, '2017-05-31 10:56:41', '1', 182, 34),
(196, '2017-05-31 10:57:39', '3', 182, 47),
(197, '2017-05-31 10:58:03', '1', 182, 22),
(198, '2017-05-31 11:03:32', '1', 182, 21),
(200, '2017-05-31 11:00:19', '19', 183, 14),
(201, '2017-05-31 11:00:29', '6', 183, 13),
(202, '2017-05-31 11:02:48', '25', 183, 18),
(203, '2017-05-31 11:05:01', '1', 182, 19),
(204, '2017-05-31 11:05:47', '3', 182, 25),
(205, '2017-05-31 11:06:04', '1', 182, 27),
(206, '2017-05-31 11:06:13', '1', 182, 26),
(207, '2017-05-31 11:06:20', '1', 182, 24),
(208, '2017-05-31 11:06:54', '1', 182, 42),
(209, '2017-05-31 11:07:01', '1', 182, 41),
(210, '2017-05-31 11:07:06', '1', 182, 39),
(211, '2017-05-31 11:07:18', '3', 182, 46),
(212, '2017-05-31 11:17:13', '1', 183, 22),
(213, '2017-05-31 11:17:32', '2', 183, 21),
(214, '2017-05-31 11:20:23', '3', 183, 45),
(215, '2017-05-31 11:20:12', '3', 185, 15),
(216, '2017-05-31 11:20:20', '2', 185, 13),
(217, '2017-05-31 11:20:15', '5', 185, 14),
(218, '2017-05-31 11:20:22', '3', 183, 46),
(219, '2017-05-31 11:20:40', '5', 185, 18),
(220, '2017-05-31 11:20:42', '5', 185, 17),
(221, '2017-05-31 11:21:09', '3', 185, 6),
(222, '2017-05-31 11:21:13', '5', 185, 7),
(223, '2017-05-31 11:21:18', '2', 185, 8),
(224, '2017-05-31 11:45:38', '9', 187, 14),
(225, '2017-05-31 11:46:22', '14', 187, 15),
(226, '2017-05-31 11:47:50', '4', 187, 4),
(227, '2017-05-31 12:12:54', '6', 186, 7),
(228, '2017-05-31 12:13:06', '5', 186, 6),
(229, '2017-05-31 12:13:24', '2', 186, 4),
(230, '2017-05-31 12:13:29', '1', 186, 8),
(231, '2017-05-31 12:14:40', '5', 186, 14),
(232, '2017-05-31 12:14:47', '4', 186, 22),
(233, '2017-05-31 12:14:56', '5', 186, 20),
(234, '2017-05-31 12:15:34', '2', 176, 2),
(235, '2017-05-31 12:15:42', '1', 176, 3),
(236, '2017-05-31 12:16:39', '30', 186, 18),
(237, '2017-05-31 12:15:58', '1', 176, 4),
(238, '2017-05-31 12:16:18', '2', 176, 6),
(239, '2017-05-31 12:16:26', '4', 176, 7),
(240, '2017-05-31 12:16:35', '6', 176, 8),
(241, '2017-05-31 12:18:30', '5', 176, 15),
(242, '2017-05-31 12:18:52', '6', 176, 14),
(243, '2017-05-31 12:19:04', '6', 176, 13),
(244, '2017-05-31 12:25:33', '2', 176, 16),
(245, '2017-05-31 12:25:46', '10', 176, 17),
(246, '2017-05-31 12:29:34', '5', 176, 18),
(247, '2017-05-31 12:26:35', '1', 176, 29),
(248, '2017-05-31 12:26:39', '1', 176, 30),
(249, '2017-05-31 12:26:45', '1', 176, 34),
(250, '2017-05-31 12:26:53', '1', 176, 35),
(251, '2017-05-31 12:26:57', '1', 176, 36),
(252, '2017-05-31 12:27:01', '1', 176, 37),
(253, '2017-05-31 12:28:06', '2', 176, 20),
(254, '2017-05-31 12:28:17', '2', 176, 21),
(255, '2017-05-31 12:28:27', '1', 176, 22),
(256, '2017-05-31 12:28:32', '1', 176, 23),
(257, '2017-05-31 12:29:11', '2', 176, 25),
(258, '2017-05-31 12:30:15', '2', 176, 26),
(259, '2017-05-31 12:30:39', '1', 176, 27),
(260, '2017-05-31 12:30:47', '1', 176, 28),
(261, '2017-05-31 12:31:07', '2', 176, 40),
(262, '2017-05-31 12:31:15', '2', 176, 41),
(263, '2017-05-31 12:31:23', '1', 176, 42),
(264, '2017-05-31 12:31:27', '1', 176, 43),
(265, '2017-05-31 12:32:04', '9', 176, 47),
(266, '2017-05-31 12:33:24', '8', 176, 45),
(267, '2017-05-31 12:33:22', '4', 176, 44),
(268, '2017-05-31 12:33:48', '10', 176, 46),
(269, '2017-05-31 12:47:15', '1', 190, 12),
(270, '2017-05-31 12:51:01', '3', 190, 13),
(271, '2017-05-31 12:55:30', '5', 190, 14),
(272, '2017-05-31 12:50:32', '2', 190, 15),
(274, '2017-05-31 12:51:17', '10', 190, 16),
(275, '2017-05-31 12:52:40', '35', 190, 17),
(276, '2017-05-31 12:51:46', '15', 190, 18),
(277, '2017-05-31 12:49:02', '1', 190, 4),
(278, '2017-05-31 12:53:10', '3', 190, 6),
(279, '2017-05-31 12:55:12', '4', 190, 7),
(280, '2017-05-31 12:52:54', '3', 190, 8),
(282, '2017-05-31 15:05:29', '5', 153, 8),
(283, '2017-05-31 15:05:40', '12', 153, 7),
(284, '2017-05-31 15:05:46', '2', 153, 6),
(286, '2017-05-31 15:10:06', '6', 153, 13),
(287, '2017-05-31 15:10:18', '11', 153, 14),
(288, '2017-05-31 15:10:35', '5', 153, 15),
(289, '2017-05-31 15:11:55', '9', 153, 17),
(290, '2017-05-31 15:12:12', '13', 153, 18),
(291, '2017-05-31 15:15:15', '3', 153, 34),
(292, '2017-05-31 15:15:25', '2', 153, 35),
(293, '2017-05-31 15:16:25', '1', 153, 21),
(294, '2017-05-31 15:16:32', '1', 153, 22),
(295, '2017-05-31 15:16:43', '2', 153, 20),
(296, '2017-05-31 15:17:08', '2', 153, 25),
(297, '2017-05-31 15:17:13', '1', 153, 26),
(298, '2017-05-31 15:17:18', '1', 153, 27),
(299, '2017-05-31 15:18:18', '2', 153, 40),
(300, '2017-05-31 15:18:44', '2', 153, 41),
(301, '2017-05-31 15:19:25', '4', 153, 46),
(302, '2017-05-31 15:19:53', '4', 153, 47),
(303, '2017-05-31 15:20:23', '4', 153, 45),
(304, '2017-05-31 15:24:24', '2', 192, 13),
(305, '2017-05-31 15:24:40', '7', 192, 14),
(306, '2017-05-31 15:27:37', '1', 192, 4),
(307, '2017-05-31 15:31:00', '1', 192, 8),
(308, '2017-05-31 15:31:11', '4', 192, 7),
(309, '2017-05-31 15:31:21', '2', 192, 6),
(310, '2017-05-31 15:33:20', '5', 192, 17),
(311, '2017-05-31 15:33:28', '4', 192, 18),
(312, '2017-05-31 15:33:49', '1', 192, 34),
(313, '2017-05-31 15:33:57', '1', 192, 47),
(314, '2017-05-31 15:34:05', '1', 192, 21),
(315, '2017-05-31 15:34:20', '1', 192, 45),
(316, '2017-05-31 15:34:27', '1', 192, 26),
(317, '2017-05-31 15:34:35', '1', 192, 41),
(319, '2017-06-01 08:29:49', '1', 188, 35),
(320, '2017-06-01 08:30:05', '1', 188, 37),
(321, '2017-06-01 08:31:39', '2', 188, 47),
(323, '2017-06-01 08:32:57', '1', 188, 22),
(324, '2017-06-01 08:40:44', '7', 188, 12),
(325, '2017-06-01 08:41:07', '35', 188, 14),
(326, '2017-06-01 08:44:48', '32', 188, 13),
(327, '2017-06-01 08:45:35', '9', 188, 15),
(328, '2017-06-01 08:46:41', '10', 188, 16),
(329, '2017-06-01 08:49:43', '42', 188, 18),
(330, '2017-06-01 08:49:01', '31', 188, 17),
(331, '2017-06-01 08:50:15', '1', 188, 44),
(332, '2017-06-01 08:50:25', '1', 188, 45),
(333, '2017-06-01 08:51:16', '1', 188, 26),
(334, '2017-06-01 08:51:24', '1', 188, 27),
(335, '2017-06-01 08:51:58', '1', 188, 41),
(336, '2017-06-01 08:52:02', '1', 188, 42),
(337, '2017-06-01 08:52:38', '2', 188, 46),
(338, '2017-06-01 08:53:12', '2', 188, 2),
(339, '2017-06-01 08:53:30', '1', 188, 3),
(341, '2017-06-01 08:55:05', '3', 188, 5),
(342, '2017-06-01 08:56:16', '9', 188, 4),
(343, '2017-06-01 08:57:13', '31', 188, 6),
(344, '2017-06-01 08:58:05', '26', 188, 7),
(345, '2017-06-01 08:58:31', '5', 188, 8),
(346, '2017-06-01 09:50:00', '2', 194, 33),
(347, '2017-06-01 09:50:01', '2', 194, 34),
(348, '2017-06-01 09:50:10', '2', 194, 35),
(349, '2017-06-01 09:50:31', '6', 194, 47),
(350, '2017-06-01 09:51:10', '2', 194, 20),
(351, '2017-06-01 09:51:16', '2', 194, 21),
(352, '2017-06-01 09:51:23', '2', 194, 22),
(353, '2017-06-01 09:52:06', '8', 194, 12),
(354, '2017-06-01 09:52:18', '12', 194, 13),
(355, '2017-06-01 09:52:44', '12', 194, 14),
(356, '2017-06-01 09:52:54', '8', 194, 15),
(357, '2017-06-01 09:53:35', '24', 194, 16),
(358, '2017-06-01 09:53:47', '72', 194, 17),
(359, '2017-06-01 09:54:01', '36', 194, 45),
(360, '2017-06-01 09:54:31', '6', 194, 44),
(362, '2017-06-01 09:55:12', '2', 194, 25),
(363, '2017-06-01 09:55:19', '2', 194, 26),
(364, '2017-06-01 09:55:24', '2', 194, 27),
(365, '2017-06-01 09:55:58', '2', 194, 40),
(366, '2017-06-01 09:56:01', '2', 194, 41),
(367, '2017-06-01 09:56:05', '2', 194, 42),
(368, '2017-06-01 09:56:18', '6', 194, 46),
(369, '2017-06-01 09:56:50', '2', 194, 2),
(370, '2017-06-01 09:56:56', '2', 194, 3),
(371, '2017-06-01 09:57:06', '2', 194, 5),
(372, '2017-06-01 09:57:31', '6', 194, 4),
(373, '2017-06-01 09:57:42', '6', 194, 6),
(374, '2017-06-01 09:57:52', '6', 194, 7),
(375, '2017-06-01 09:58:14', '4', 194, 8),
(376, '2017-06-01 13:02:37', '2', 179, 4),
(377, '2017-06-01 13:04:32', '5', 179, 7),
(378, '2017-06-01 13:04:45', '3', 179, 6),
(379, '2017-06-01 13:06:24', '3', 179, 15),
(380, '2017-06-01 13:06:55', '12', 179, 14),
(381, '2017-06-01 13:07:06', '3', 179, 13),
(382, '2017-06-01 13:08:01', '4', 179, 17),
(383, '2017-06-01 13:08:16', '14', 179, 18),
(384, '2017-06-01 13:21:05', '1', 177, 5),
(385, '2017-06-01 13:17:22', '2', 177, 8),
(386, '2017-06-01 13:17:55', '3', 177, 6),
(387, '2017-06-01 13:24:36', '7', 177, 7),
(388, '2017-06-01 13:21:11', '1', 177, 2),
(390, '2017-06-01 13:30:25', '5', 196, 12),
(391, '2017-06-01 13:30:36', '4', 196, 13),
(392, '2017-06-01 13:30:57', '14', 196, 14),
(393, '2017-06-01 13:31:14', '6', 196, 15),
(394, '2017-06-01 13:31:14', '1', 177, 29),
(395, '2017-06-01 13:34:01', '2', 196, 4),
(396, '2017-06-01 13:34:03', '2', 196, 6),
(397, '2017-06-01 13:32:06', '13', 177, 17),
(398, '2017-06-01 13:34:05', '5', 196, 7),
(399, '2017-06-01 13:34:17', '7', 196, 8),
(400, '2017-06-01 13:32:32', '2', 177, 15),
(401, '2017-06-01 13:33:01', '20', 196, 17),
(402, '2017-06-01 13:33:14', '20', 196, 18),
(403, '2017-06-01 13:33:10', '7', 177, 14),
(404, '2017-06-01 13:33:33', '4', 177, 13),
(417, '2017-06-01 14:04:27', '2', 197, 35),
(418, '2017-06-01 14:05:09', '2', 197, 47),
(419, '2017-06-01 14:06:24', '2', 197, 21),
(426, '2017-06-01 14:58:09', '3', 199, 35),
(427, '2017-06-01 14:59:02', '1', 199, 36),
(428, '2017-06-01 14:59:39', '4', 199, 47),
(429, '2017-06-01 15:00:47', '2', 199, 21),
(430, '2017-06-01 15:01:07', '1', 199, 22),
(431, '2017-06-01 15:01:15', '1', 199, 23),
(432, '2017-06-01 15:02:35', '4', 199, 14),
(433, '2017-06-01 15:02:57', '4', 199, 15),
(434, '2017-06-01 15:03:25', '8', 199, 13),
(435, '2017-06-01 15:03:34', '1', 199, 12),
(436, '2017-06-01 15:04:18', '6', 199, 18),
(437, '2017-06-01 15:04:30', '4', 199, 16),
(438, '2017-06-01 15:04:51', '7', 199, 17),
(439, '2017-06-01 15:05:42', '2', 199, 45),
(440, '2017-06-01 15:05:56', '2', 199, 44),
(441, '2017-06-01 15:06:33', '2', 199, 26),
(442, '2017-06-01 15:06:37', '1', 199, 27),
(443, '2017-06-01 15:06:56', '1', 199, 28),
(444, '2017-06-01 15:07:17', '2', 199, 41),
(445, '2017-06-01 15:07:22', '1', 199, 42),
(446, '2017-06-01 15:07:26', '1', 199, 43),
(447, '2017-06-01 15:08:08', '4', 199, 46),
(448, '2017-06-01 15:08:29', '1', 199, 3),
(449, '2017-06-01 15:08:49', '4', 199, 4),
(450, '2017-06-01 15:09:13', '5', 199, 8),
(451, '2017-06-01 15:09:59', '5', 199, 7),
(452, '2017-06-01 15:10:07', '3', 199, 6),
(453, '2017-06-01 15:39:31', '3', 200, 35),
(454, '2017-06-01 15:40:22', '4', 200, 47),
(455, '2017-06-01 15:40:45', '2', 200, 21),
(456, '2017-06-01 15:40:57', '1', 200, 22),
(457, '2017-06-01 15:41:05', '1', 200, 23),
(458, '2017-06-01 15:41:21', '2', 200, 12),
(459, '2017-06-01 15:41:49', '10', 200, 13),
(460, '2017-06-01 15:42:20', '7', 200, 14),
(461, '2017-06-01 15:42:46', '4', 200, 15),
(462, '2017-06-01 15:43:27', '15', 200, 18),
(463, '2017-06-01 15:43:40', '5', 200, 16),
(464, '2017-06-01 15:44:03', '15', 200, 17),
(465, '2017-06-01 15:44:18', '3', 200, 26),
(466, '2017-06-01 15:44:21', '1', 200, 27),
(467, '2017-06-01 15:44:36', '1', 200, 28),
(468, '2017-06-01 15:44:49', '2', 200, 41),
(469, '2017-06-01 15:44:54', '1', 200, 42),
(470, '2017-06-01 15:44:58', '1', 200, 43),
(471, '2017-06-01 15:48:00', '5', 200, 46),
(472, '2017-06-01 15:46:58', '4', 200, 44),
(473, '2017-06-01 15:47:01', '6', 200, 45),
(474, '2017-06-01 15:48:18', '5', 200, 4),
(475, '2017-06-01 15:49:10', '4', 200, 8),
(476, '2017-06-01 15:49:27', '7', 200, 7),
(477, '2017-06-01 15:49:41', '5', 200, 6),
(478, '2017-06-01 22:56:49', '1', 181, 34),
(479, '2017-06-01 22:58:27', '1', 202, 34),
(480, '2017-06-01 22:59:11', '1', 202, 47),
(481, '2017-06-01 22:59:33', '1', 202, 21),
(482, '2017-06-01 23:00:32', '1', 202, 27),
(483, '2017-06-01 23:01:18', '1', 202, 42),
(484, '2017-06-01 23:01:30', '1', 202, 46),
(485, '2017-06-01 23:04:51', '1', 202, 45),
(486, '2017-06-01 23:07:03', '1', 202, 5),
(488, '2017-06-01 23:17:48', '10', 202, 6),
(489, '2017-06-01 23:17:36', '12', 202, 7),
(490, '2017-06-01 23:09:40', '4', 202, 8),
(491, '2017-06-01 23:12:36', '12', 202, 14),
(492, '2017-06-01 23:13:16', '4', 202, 13),
(493, '2017-06-01 23:14:31', '8', 202, 15),
(494, '2017-06-01 23:15:58', '15', 202, 18),
(495, '2017-06-01 23:16:54', '15', 202, 17),
(496, '2017-06-02 09:33:47', '1', 184, 4),
(497, '2017-06-02 09:32:37', '10', 184, 6),
(498, '2017-06-02 09:34:46', '12', 184, 7),
(499, '2017-06-02 09:33:43', '1', 184, 5),
(500, '2017-06-02 09:34:08', '5', 184, 8),
(501, '2017-06-02 09:35:48', '5', 184, 12),
(502, '2017-06-02 09:37:06', '10', 184, 13),
(503, '2017-06-02 09:38:01', '4', 184, 14),
(504, '2017-06-02 09:38:49', '10', 184, 15),
(505, '2017-06-02 09:39:49', '5', 184, 16),
(506, '2017-06-02 09:40:15', '12', 184, 17),
(507, '2017-06-02 09:52:19', '12', 184, 18),
(508, '2017-06-02 09:42:09', '3', 184, 33),
(509, '2017-06-02 09:42:29', '2', 184, 34),
(510, '2017-06-02 09:42:51', '1', 184, 35),
(511, '2017-06-02 09:42:57', '1', 184, 36),
(512, '2017-06-02 09:44:29', '1', 184, 24),
(513, '2017-06-02 09:44:55', '2', 184, 25),
(514, '2017-06-02 09:45:19', '2', 184, 26),
(515, '2017-06-02 09:45:57', '2', 184, 27),
(516, '2017-06-02 09:46:37', '1', 184, 19),
(517, '2017-06-02 09:46:50', '1', 184, 20),
(518, '2017-06-02 09:47:12', '3', 184, 21),
(519, '2017-06-02 09:47:41', '2', 184, 22),
(520, '2017-06-02 09:48:19', '1', 184, 39),
(521, '2017-06-02 09:48:33', '1', 184, 40),
(522, '2017-06-02 09:48:50', '2', 184, 41),
(523, '2017-06-02 09:49:11', '3', 184, 42),
(524, '2017-06-02 09:50:11', '7', 184, 46),
(525, '2017-06-02 09:50:46', '7', 184, 47),
(526, '2017-06-02 09:51:31', '3', 184, 44),
(527, '2017-06-02 09:51:57', '4', 184, 45),
(529, '2017-06-02 12:23:31', '12', 204, 6),
(530, '2017-06-02 12:23:39', '12', 204, 7),
(531, '2017-06-02 12:23:48', '12', 204, 8),
(532, '2017-06-02 12:24:26', '12', 204, 13),
(533, '2017-06-02 12:24:36', '12', 204, 14),
(534, '2017-06-02 12:24:51', '12', 204, 15),
(535, '2017-06-02 12:26:30', '24', 204, 16),
(536, '2017-06-02 12:26:40', '24', 204, 17),
(537, '2017-06-02 12:26:51', '24', 204, 18),
(538, '2017-06-02 12:27:52', '1', 204, 36),
(539, '2017-06-02 12:27:58', '1', 204, 35),
(540, '2017-06-02 12:28:07', '1', 204, 34),
(541, '2017-06-02 12:28:21', '1', 204, 33),
(542, '2017-06-02 12:29:12', '1', 204, 26),
(543, '2017-06-02 12:29:16', '1', 204, 27),
(544, '2017-06-02 12:29:53', '1', 204, 22),
(545, '2017-06-02 12:29:56', '1', 204, 23),
(546, '2017-06-02 12:30:51', '4', 204, 46),
(547, '2017-06-02 12:31:08', '4', 204, 45),
(548, '2017-06-02 12:31:43', '4', 204, 47),
(549, '2017-06-02 17:33:18', '5', 154, 3),
(550, '2017-06-02 17:34:04', '30', 154, 4),
(551, '2017-06-02 17:36:26', '38', 154, 6),
(552, '2017-06-02 17:36:45', '13', 154, 7),
(553, '2017-06-02 17:37:03', '2', 154, 8),
(554, '2017-06-02 17:38:31', '1', 154, 9),
(555, '2017-06-02 17:38:47', '1', 154, 10),
(556, '2017-06-02 17:39:56', '8', 154, 12),
(557, '2017-06-02 17:46:06', '4', 154, 20),
(558, '2017-06-02 17:41:02', '15', 154, 14),
(559, '2017-06-02 17:41:33', '4', 154, 15),
(560, '2017-06-02 17:42:10', '8', 154, 16),
(561, '2017-06-02 17:43:19', '61', 154, 17),
(562, '2017-06-02 17:47:43', '12', 154, 18),
(563, '2017-06-02 17:45:07', '4', 154, 33),
(564, '2017-06-02 17:44:50', '2', 154, 32),
(565, '2017-06-02 17:46:22', '1', 154, 22),
(566, '2017-06-02 17:46:27', '2', 154, 21),
(567, '2017-06-02 17:47:18', '12', 154, 47),
(568, '2017-06-02 17:47:37', '6', 154, 44),
(569, '2017-06-02 17:48:08', '4', 154, 25),
(570, '2017-06-02 17:48:16', '2', 154, 45),
(571, '2017-06-02 17:49:37', '2', 154, 26),
(572, '2017-06-02 17:50:01', '4', 154, 40),
(573, '2017-06-02 17:50:05', '2', 154, 41),
(574, '2017-06-02 17:50:13', '12', 154, 46),
(575, '2017-06-02 18:03:49', '1', 207, 3),
(576, '2017-06-02 18:04:06', '9', 207, 4),
(577, '2017-06-02 17:55:12', '17', 207, 6),
(578, '2017-06-02 17:55:30', '5', 207, 7),
(579, '2017-06-02 17:55:43', '2', 207, 8),
(580, '2017-06-02 17:56:04', '1', 207, 12),
(581, '2017-06-02 17:56:29', '9', 207, 14),
(582, '2017-06-02 17:56:48', '12', 207, 13),
(583, '2017-06-02 17:57:15', '13', 207, 15),
(584, '2017-06-02 17:57:51', '5', 207, 16),
(585, '2017-06-02 17:58:25', '27', 207, 17),
(586, '2017-06-02 17:59:48', '6', 207, 18),
(587, '2017-06-02 18:02:27', '4', 207, 44),
(588, '2017-06-02 18:00:08', '2', 207, 26),
(589, '2017-06-02 18:00:14', '1', 207, 27),
(590, '2017-06-02 18:00:32', '2', 207, 41),
(591, '2017-06-02 18:00:39', '1', 207, 43),
(592, '2017-06-02 18:00:56', '9', 207, 46),
(593, '2017-06-02 18:01:17', '9', 207, 47),
(594, '2017-06-02 18:01:28', '2', 207, 21),
(595, '2017-06-02 18:01:29', '1', 207, 23),
(596, '2017-06-02 18:02:34', '5', 207, 45),
(597, '2017-06-02 18:06:53', '6', 209, 4),
(598, '2017-06-02 18:06:57', '18', 209, 6),
(599, '2017-06-02 18:07:29', '8', 209, 7),
(600, '2017-06-02 18:07:39', '4', 209, 8),
(601, '2017-06-02 18:07:49', '1', 209, 9),
(602, '2017-06-02 18:08:34', '17', 209, 14),
(603, '2017-06-02 18:09:04', '20', 209, 13),
(604, '2017-06-02 18:09:50', '31', 209, 17),
(605, '2017-06-02 18:10:05', '6', 209, 18),
(606, '2017-06-02 18:13:44', '2', 156, 5),
(607, '2017-06-02 18:14:01', '7', 156, 4),
(608, '2017-06-02 18:14:22', '12', 156, 6),
(609, '2017-06-02 18:14:34', '2', 156, 8),
(610, '2017-06-02 18:15:04', '11', 156, 14),
(611, '2017-06-02 18:15:27', '12', 156, 13),
(612, '2017-06-02 18:16:03', '25', 156, 18),
(613, '2017-06-02 18:16:26', '2', 156, 33),
(614, '2017-06-02 18:16:28', '1', 156, 32),
(615, '2017-06-02 18:17:11', '2', 156, 26),
(616, '2017-06-02 18:17:14', '1', 156, 25),
(617, '2017-06-02 18:17:29', '1', 156, 20),
(618, '2017-06-02 18:17:32', '2', 156, 21),
(619, '2017-06-02 18:17:44', '1', 156, 40),
(620, '2017-06-02 18:17:46', '2', 156, 41),
(621, '2017-06-02 18:17:59', '9', 156, 46),
(622, '2017-06-02 18:18:17', '8', 156, 47),
(623, '2017-06-02 18:18:48', '4', 156, 44),
(624, '2017-06-02 18:18:59', '4', 156, 45),
(625, '2017-06-02 18:20:38', '1', 212, 2),
(626, '2017-06-02 18:20:48', '1', 212, 3),
(627, '2017-06-02 18:21:05', '9', 212, 4),
(628, '2017-06-02 18:21:24', '11', 212, 6),
(629, '2017-06-02 18:22:01', '6', 212, 7),
(630, '2017-06-02 18:22:15', '3', 212, 8),
(632, '2017-06-02 18:22:41', '2', 212, 12),
(633, '2017-06-02 18:23:00', '16', 212, 13),
(634, '2017-06-02 18:23:15', '10', 212, 14),
(635, '2017-06-02 18:23:33', '2', 212, 15),
(636, '2017-06-02 18:23:57', '18', 212, 17),
(637, '2017-06-02 18:24:30', '12', 212, 18),
(638, '2017-06-02 18:24:49', '1', 212, 30),
(639, '2017-06-02 18:24:52', '2', 212, 32),
(640, '2017-06-02 18:25:07', '3', 212, 26),
(641, '2017-06-02 18:25:32', '3', 212, 21),
(642, '2017-06-02 18:25:45', '3', 212, 41),
(643, '2017-06-02 18:25:53', '6', 212, 46),
(644, '2017-06-02 18:26:08', '9', 212, 47),
(645, '2017-06-02 18:26:36', '12', 212, 44),
(647, '2017-06-02 18:29:04', '2', 214, 3),
(648, '2017-06-02 18:29:06', '3', 214, 5),
(649, '2017-06-02 18:29:20', '6', 214, 4),
(650, '2017-06-02 18:29:37', '10', 214, 6),
(651, '2017-06-02 18:29:51', '9', 214, 7),
(652, '2017-06-02 18:30:14', '7', 214, 13),
(653, '2017-06-02 18:30:30', '15', 214, 14),
(654, '2017-06-02 18:30:46', '6', 214, 15),
(655, '2017-06-02 18:31:14', '20', 214, 18),
(656, '2017-06-02 18:31:23', '10', 214, 17),
(657, '2017-06-02 18:31:49', '1', 214, 30),
(658, '2017-06-02 18:31:51', '1', 214, 32),
(659, '2017-06-02 18:31:52', '1', 214, 34),
(660, '2017-06-02 18:32:14', '2', 214, 26),
(661, '2017-06-02 18:32:17', '1', 214, 27),
(662, '2017-06-02 18:32:30', '2', 214, 21),
(663, '2017-06-02 18:32:33', '1', 214, 22),
(664, '2017-06-02 18:32:52', '1', 214, 40),
(665, '2017-06-02 18:32:54', '2', 214, 41),
(666, '2017-06-02 18:33:02', '9', 214, 46),
(667, '2017-06-02 18:33:21', '6', 214, 44),
(668, '2017-06-02 18:33:26', '6', 214, 45),
(669, '2017-06-02 18:33:59', '9', 214, 47),
(672, '2017-06-02 18:36:25', '1', 143, 2),
(673, '2017-06-02 18:36:30', '1', 143, 5),
(674, '2017-06-02 18:36:39', '6', 143, 4),
(675, '2017-06-02 18:36:54', '13', 143, 6),
(676, '2017-06-02 18:37:09', '10', 143, 7),
(677, '2017-06-02 18:37:21', '5', 143, 8),
(678, '2017-06-02 18:38:06', '2', 143, 9),
(679, '2017-06-02 18:38:33', '8', 143, 13),
(680, '2017-06-02 18:38:54', '21', 143, 14),
(681, '2017-06-02 18:39:27', '9', 143, 15),
(682, '2017-06-02 18:39:48', '1', 143, 16),
(683, '2017-06-02 18:40:05', '9', 143, 17),
(684, '2017-06-02 18:40:36', '28', 143, 18),
(685, '2017-06-02 18:41:17', '2', 143, 33),
(686, '2017-06-02 18:41:19', '1', 143, 34),
(687, '2017-06-02 18:41:22', '1', 143, 36),
(688, '2017-06-02 18:41:48', '3', 143, 27),
(689, '2017-06-02 18:41:53', '1', 143, 26),
(690, '2017-06-02 18:42:16', '1', 143, 21),
(691, '2017-06-02 18:42:21', '3', 143, 22),
(692, '2017-06-02 18:42:32', '1', 143, 41),
(693, '2017-06-02 18:42:35', '3', 143, 42),
(694, '2017-06-02 18:42:56', '12', 143, 46),
(695, '2017-06-02 18:43:22', '14', 143, 47),
(696, '2017-06-02 18:44:08', '8', 143, 45),
(697, '2017-06-02 18:44:19', '6', 143, 25),
(698, '2017-06-02 18:50:18', '1', 217, 2),
(699, '2017-06-02 18:50:28', '2', 217, 3),
(700, '2017-06-02 18:50:40', '2', 217, 4),
(701, '2017-06-02 18:51:07', '2', 217, 6),
(702, '2017-06-02 18:51:22', '9', 217, 7),
(703, '2017-06-02 18:51:35', '10', 217, 8),
(704, '2017-06-02 18:51:49', '3', 217, 9),
(705, '2017-06-02 18:52:12', '3', 217, 12),
(706, '2017-06-02 18:52:25', '6', 217, 13),
(707, '2017-06-02 18:52:43', '10', 217, 14),
(708, '2017-06-02 18:53:04', '10', 217, 15),
(709, '2017-06-02 18:53:25', '4', 217, 16),
(710, '2017-06-02 18:53:44', '19', 217, 17),
(711, '2017-06-02 18:54:04', '6', 217, 18),
(712, '2017-06-02 18:54:38', '1', 217, 30),
(713, '2017-06-02 18:54:46', '1', 217, 32),
(714, '2017-06-02 18:54:56', '1', 217, 35),
(715, '2017-06-02 18:55:05', '2', 217, 36),
(716, '2017-06-02 18:55:29', '1', 217, 19),
(717, '2017-06-02 18:56:02', '3', 217, 21),
(718, '2017-06-02 18:56:18', '1', 217, 24),
(719, '2017-06-02 18:56:24', '3', 217, 26),
(720, '2017-06-02 18:56:43', '1', 217, 39),
(721, '2017-06-02 18:56:46', '3', 217, 41),
(722, '2017-06-02 18:56:56', '12', 217, 46),
(723, '2017-06-02 18:57:08', '12', 217, 47),
(724, '2017-06-02 18:57:25', '6', 217, 44),
(725, '2017-06-02 18:57:29', '6', 217, 45),
(726, '2017-06-02 18:59:43', '1', 144, 3),
(727, '2017-06-02 19:00:40', '1', 144, 5),
(728, '2017-06-02 19:00:58', '4', 144, 4),
(729, '2017-06-02 19:01:14', '5', 144, 6),
(730, '2017-06-02 19:01:29', '9', 144, 7),
(731, '2017-06-02 19:01:40', '2', 144, 8),
(732, '2017-06-02 19:03:57', '2', 144, 12),
(733, '2017-06-02 19:03:56', '6', 144, 13),
(734, '2017-06-02 19:03:55', '18', 144, 14),
(735, '2017-06-02 19:03:54', '2', 144, 15),
(736, '2017-06-02 19:03:51', '6', 144, 16),
(737, '2017-06-02 19:03:49', '14', 144, 17),
(738, '2017-06-02 19:03:47', '12', 144, 18),
(739, '2017-06-02 19:05:36', '2', 220, 2),
(740, '2017-06-02 19:05:48', '1', 220, 3),
(741, '2017-06-02 19:06:03', '4', 220, 4),
(742, '2017-06-02 19:06:18', '4', 220, 6),
(743, '2017-06-02 19:06:38', '14', 220, 7),
(744, '2017-06-02 19:06:51', '6', 220, 8),
(745, '2017-06-02 19:07:00', '2', 220, 9),
(746, '2017-06-02 19:07:16', '1', 220, 12),
(747, '2017-06-02 19:07:28', '3', 220, 13),
(748, '2017-06-02 19:07:45', '21', 220, 14),
(749, '2017-06-02 19:08:03', '7', 220, 15),
(750, '2017-06-02 19:08:50', '20', 220, 18),
(751, '2017-06-02 19:09:05', '20', 220, 17),
(752, '2017-06-02 19:10:48', '5', 222, 5),
(753, '2017-06-02 19:11:09', '9', 222, 4),
(754, '2017-06-02 19:11:23', '8', 222, 6),
(755, '2017-06-02 19:11:40', '5', 222, 7),
(756, '2017-06-02 19:11:53', '4', 222, 8),
(757, '2017-06-02 19:12:31', '1', 222, 9),
(758, '2017-06-02 19:12:54', '3', 222, 12),
(759, '2017-06-02 19:13:11', '15', 222, 13),
(760, '2017-06-02 19:13:25', '12', 222, 14),
(761, '2017-06-02 19:13:37', '2', 222, 15),
(762, '2017-06-02 19:14:03', '32', 222, 18),
(763, '2017-06-02 19:14:12', '25', 222, 17),
(764, '2017-06-02 19:14:32', '1', 222, 32),
(765, '2017-06-02 19:14:32', '1', 222, 33),
(766, '2017-06-02 19:14:49', '1', 222, 20),
(767, '2017-06-02 19:14:50', '1', 222, 21),
(768, '2017-06-02 19:15:04', '9', 222, 45),
(769, '2017-06-02 19:15:07', '1', 222, 25),
(770, '2017-06-02 19:15:13', '1', 222, 26),
(771, '2017-06-02 19:15:24', '1', 222, 40),
(772, '2017-06-02 19:15:25', '1', 222, 41),
(773, '2017-06-02 19:15:31', '6', 222, 46),
(774, '2017-06-02 19:15:45', '6', 222, 47),
(775, '2017-06-02 19:17:46', '3', 155, 3),
(776, '2017-06-02 19:18:17', '1', 155, 5),
(777, '2017-06-02 19:19:55', '3', 155, 4),
(778, '2017-06-02 19:19:56', '6', 155, 6),
(779, '2017-06-02 19:19:56', '7', 155, 7),
(780, '2017-06-02 19:19:57', '7', 155, 8),
(781, '2017-06-02 19:19:59', '2', 155, 9),
(782, '2017-06-02 19:20:44', '4', 155, 12),
(783, '2017-06-02 19:20:43', '4', 155, 13),
(784, '2017-06-02 19:20:42', '10', 155, 14),
(785, '2017-06-02 19:21:02', '10', 155, 15),
(786, '2017-06-02 19:21:55', '10', 155, 16),
(787, '2017-06-02 19:21:53', '20', 155, 44),
(788, '2017-06-02 19:21:49', '28', 155, 18),
(789, '2017-06-02 19:24:50', '2', 157, 5),
(790, '2017-06-02 19:25:45', '8', 157, 4),
(791, '2017-06-02 19:25:44', '16', 157, 6),
(792, '2017-06-02 19:25:44', '9', 157, 7),
(793, '2017-06-02 19:25:38', '4', 157, 8),
(794, '2017-06-02 19:26:18', '17', 157, 13),
(795, '2017-06-02 19:26:35', '12', 157, 15),
(796, '2017-06-02 19:26:51', '12', 157, 14),
(797, '2017-06-02 19:27:23', '25', 157, 17),
(798, '2017-06-02 19:27:32', '30', 157, 18),
(799, '2017-06-02 19:27:55', '2', 157, 30),
(800, '2017-06-02 19:27:53', '1', 157, 31),
(801, '2017-06-02 19:29:12', '9', 157, 47),
(803, '2017-06-02 19:28:18', '1', 157, 20),
(804, '2017-06-02 19:28:23', '2', 157, 21),
(805, '2017-06-02 19:28:36', '1', 157, 25),
(806, '2017-06-02 19:28:41', '2', 157, 26),
(807, '2017-06-02 19:28:50', '1', 157, 40),
(808, '2017-06-02 19:28:53', '2', 157, 41),
(809, '2017-06-02 19:28:57', '6', 157, 46),
(810, '2017-06-02 19:30:45', '3', 226, 4),
(811, '2017-06-02 19:31:27', '4', 226, 6),
(812, '2017-06-02 19:31:41', '8', 226, 7),
(813, '2017-06-02 19:31:52', '4', 226, 8),
(814, '2017-06-02 19:32:16', '4', 226, 12),
(815, '2017-06-02 19:32:30', '8', 226, 13),
(816, '2017-06-02 19:32:56', '9', 226, 14),
(817, '2017-06-02 19:33:29', '20', 226, 17),
(818, '2017-06-02 19:33:38', '20', 226, 18),
(819, '2017-06-02 19:33:55', '1', 226, 32),
(820, '2017-06-02 19:33:59', '2', 226, 36),
(821, '2017-06-02 19:34:10', '9', 226, 47),
(822, '2017-06-02 19:34:18', '1', 226, 21),
(823, '2017-06-02 19:34:21', '2', 226, 22),
(824, '2017-06-02 19:34:34', '9', 226, 45),
(825, '2017-06-02 19:34:38', '1', 226, 26),
(826, '2017-06-02 19:34:42', '2', 226, 27),
(827, '2017-06-02 19:34:48', '1', 226, 41),
(828, '2017-06-02 19:34:50', '2', 226, 42),
(829, '2017-06-02 19:34:55', '9', 226, 46),
(830, '2017-06-02 19:37:04', '1', 228, 3),
(831, '2017-06-02 19:37:04', '2', 228, 5),
(832, '2017-06-02 19:37:15', '4', 228, 6),
(833, '2017-06-02 19:37:18', '4', 228, 4),
(834, '2017-06-02 19:37:36', '8', 228, 7),
(835, '2017-06-02 19:37:49', '8', 228, 8),
(836, '2017-06-02 19:38:08', '2', 228, 9),
(837, '2017-06-02 19:38:29', '2', 228, 12),
(838, '2017-06-02 19:38:42', '10', 228, 13),
(839, '2017-06-02 19:38:54', '8', 228, 14),
(840, '2017-06-02 19:39:10', '8', 228, 15),
(841, '2017-06-02 19:39:31', '25', 228, 17),
(842, '2017-06-02 19:39:39', '25', 228, 18),
(843, '2017-06-02 19:40:01', '1', 228, 34),
(844, '2017-06-02 19:40:02', '1', 228, 35),
(845, '2017-06-02 19:40:14', '1', 228, 20),
(846, '2017-06-02 19:40:17', '1', 228, 22),
(847, '2017-06-02 19:40:24', '8', 228, 47),
(848, '2017-06-02 19:40:37', '8', 228, 45),
(849, '2017-06-02 19:40:42', '1', 228, 26),
(850, '2017-06-02 19:40:43', '1', 228, 27),
(851, '2017-06-02 19:40:49', '1', 228, 41),
(852, '2017-06-02 19:40:50', '1', 228, 42),
(853, '2017-06-02 19:40:54', '6', 228, 46),
(854, '2017-06-02 19:42:40', '4', 230, 4),
(855, '2017-06-02 19:43:16', '40', 230, 6),
(856, '2017-06-02 19:43:44', '28', 230, 7),
(857, '2017-06-02 19:44:02', '8', 230, 8),
(858, '2017-06-02 19:44:21', '6', 230, 9),
(859, '2017-06-02 19:44:41', '2', 230, 10),
(860, '2017-06-02 19:45:02', '8', 230, 12),
(861, '2017-06-02 19:45:25', '38', 230, 13),
(862, '2017-06-02 19:45:52', '40', 230, 14),
(863, '2017-06-02 19:46:09', '20', 230, 15),
(864, '2017-06-02 19:46:48', '100', 230, 18),
(865, '2017-06-02 19:47:02', '50', 230, 17),
(866, '2017-06-02 19:47:43', '4', 230, 33),
(867, '2017-06-02 19:47:53', '4', 230, 34),
(868, '2017-06-02 19:48:08', '16', 230, 47),
(869, '2017-06-02 19:48:17', '4', 230, 21),
(870, '2017-06-02 19:48:21', '4', 230, 22),
(871, '2017-06-02 19:48:46', '10', 230, 44),
(872, '2017-06-02 19:48:52', '10', 230, 45),
(873, '2017-06-02 19:49:02', '4', 230, 26),
(874, '2017-06-02 19:49:11', '4', 230, 27),
(876, '2017-06-02 19:49:33', '4', 230, 41),
(877, '2017-06-02 19:49:38', '4', 230, 42),
(878, '2017-06-02 19:49:45', '16', 230, 46);

-- --------------------------------------------------------

--
-- Estructura de tabla para la tabla `tiket`
--

CREATE TABLE `tiket` (
  `idTiket` int(11) NOT NULL,
  `folio` bigint(20) DEFAULT NULL,
  `descripcion` varchar(450) DEFAULT NULL,
  `registro_inicial` timestamp NULL DEFAULT NULL,
  `registro_update` timestamp NULL DEFAULT CURRENT_TIMESTAMP ON UPDATE CURRENT_TIMESTAMP,
  `registro_fin_pedido` timestamp NULL DEFAULT NULL,
  `estado` varchar(45) DEFAULT NULL,
  `tipo` int(11) DEFAULT NULL,
  `idUsuario` int(11) NOT NULL,
  `idAgencias_destino` int(11) DEFAULT NULL,
  `idAgencias_pedido` int(11) DEFAULT NULL,
  `useraceptado` varchar(45) DEFAULT NULL,
  `urlArchivo` varchar(450) DEFAULT NULL,
  `idAgencias` int(11) NOT NULL
) ENGINE=InnoDB DEFAULT CHARSET=utf8;

--
-- Volcado de datos para la tabla `tiket`
--

INSERT INTO `tiket` (`idTiket`, `folio`, `descripcion`, `registro_inicial`, `registro_update`, `registro_fin_pedido`, `estado`, `tipo`, `idUsuario`, `idAgencias_destino`, `idAgencias_pedido`, `useraceptado`, `urlArchivo`, `idAgencias`) VALUES
(123, 1, 'Inv Inicial Bota', '2017-01-19 00:38:41', '2017-01-19 00:38:41', NULL, 'ACEPTADO', 1, 6, NULL, NULL, NULL, NULL, 41),
(124, 2, 'Inv Inicia Prendas termicas', '2017-01-19 00:42:07', '2017-01-19 00:42:07', NULL, 'ACEPTADO', 1, 6, NULL, NULL, NULL, NULL, 41),
(125, 3, 'Inv Inicial Termico', '2017-01-19 00:44:39', '2017-01-19 00:44:39', NULL, 'ACEPTADO', 1, 6, NULL, NULL, NULL, NULL, 41),
(126, 4, 'Inv inicial Faja', '2017-01-19 00:45:48', '2017-01-19 00:45:48', NULL, 'ACEPTADO', 1, 6, NULL, NULL, NULL, NULL, 41),
(127, 5, 'Inv inicial Guante ventas', '2017-01-19 00:47:23', '2017-01-19 00:47:23', NULL, 'ACEPTADO', 1, 6, NULL, NULL, NULL, NULL, 41),
(128, 6, 'Inv Inicial Zapato', '2017-01-19 00:53:19', '2017-01-19 00:53:19', NULL, 'ACEPTADO', 1, 6, NULL, NULL, NULL, NULL, 41),
(129, 7, 'Inv inicial zapato 29', '2017-01-19 00:55:40', '2017-01-19 00:55:40', NULL, 'ACEPTADO', 1, 6, NULL, NULL, NULL, NULL, 41),
(130, 41, NULL, NULL, '2017-01-19 00:55:42', NULL, 'temporal', 1, 6, NULL, NULL, NULL, NULL, 41),
(131, 1, 'Tultitlan 01', '2017-02-11 13:51:29', '2017-03-09 06:14:07', NULL, 'ACEPTADO', 2, 9, NULL, 41, NULL, 'notas/131/nota_131.pdf', 37),
(132, 2, 'Pedido Tultitlan Gente Temporada', '2017-03-16 20:45:43', '2017-04-20 17:42:14', NULL, 'ACEPTADO', 2, 9, NULL, 41, NULL, 'notas/132/nota_132.pdf', 37),
(134, 36, NULL, NULL, '2017-02-14 15:12:46', NULL, 'temporal', 2, 10, NULL, NULL, NULL, NULL, 36),
(136, 41, NULL, NULL, '2017-02-15 16:10:27', NULL, 'temporal', 2, 17, NULL, NULL, NULL, NULL, 41),
(137, 1, 'Pedido 1 Tlatelolco', '2017-02-15 19:30:52', '2017-03-09 07:15:45', NULL, 'ACEPTADO', 2, 4, NULL, 41, NULL, 'notas/137/nota_137.pdf', 1),
(138, 2, 'Ingreso Temporada Alta', '2017-02-22 17:42:43', '2017-04-11 21:33:10', NULL, 'ACEPTADO', 2, 4, NULL, 41, 'Eduardo Arana', 'notas/138/nota_138.pdf', 1),
(139, 3, 'ingreso temporada alta', '2017-03-24 00:50:47', '2017-04-11 19:06:42', NULL, 'ACEPTADO', 2, 4, NULL, 41, 'Eduardo Arana', NULL, 1),
(140, 1, 'Pedido 1 Leon', '2017-03-08 00:06:07', '2017-03-09 06:12:08', NULL, 'ACEPTADO', 2, 52, NULL, 41, NULL, 'notas/140/nota_140.pdf', 17),
(141, 2, 'EPP 2017', '2017-05-08 19:51:31', '2017-05-16 11:37:24', NULL, 'PEDIENTE', 2, 52, NULL, 41, NULL, NULL, 17),
(142, 1, 'PEDIDO MORELIA ', '2017-05-17 19:48:44', '2017-05-18 00:48:44', NULL, 'PEDIENTE', 2, 47, NULL, 41, NULL, NULL, 24),
(143, 1, 'Pedido Anual EPP Veracruz', '2017-06-02 13:44:54', '2017-06-02 18:44:54', NULL, 'PEDIENTE', 2, 41, NULL, 41, NULL, NULL, 38),
(144, 1, 'Pedido Anual EPP Saltillo', '2017-06-02 14:04:09', '2017-06-02 19:04:09', NULL, 'PEDIENTE', 2, 36, NULL, 41, NULL, NULL, 30),
(145, 1, 'EPP Urgente La Paz', '2017-05-31 04:44:10', '2017-06-01 06:10:07', NULL, 'ACEPTADO', 2, 29, NULL, 41, NULL, NULL, 16),
(146, 37, NULL, NULL, '2017-03-16 20:46:00', NULL, 'temporal', 2, 9, NULL, NULL, NULL, NULL, 37),
(147, 4, 'Bota nuevo ingreso', '2017-04-01 12:31:57', '2017-04-11 21:34:25', NULL, 'ACEPTADO', 2, 4, NULL, 41, 'Eduardo Arana', NULL, 1),
(148, 1, NULL, NULL, '2017-04-01 12:32:37', NULL, 'temporal', 2, 4, NULL, NULL, NULL, NULL, 1),
(149, 1, 'DOTACION ANUAL EPP', '2017-04-26 12:50:50', '2017-05-02 16:36:15', NULL, 'ACEPTADO', 2, 51, NULL, 41, 'Eduardo Arana', NULL, 3),
(150, 1, 'DOTACION ANUAL DE EPP AG ZACATECAS', '2017-04-19 13:56:10', '2017-05-02 16:36:27', NULL, 'ACEPTADO', 2, 50, NULL, 41, 'Eduardo Arana', NULL, 40),
(151, 2, 'Complemento del EPP Anual', '2017-05-11 15:43:37', '2017-05-11 20:43:37', NULL, 'PEDIENTE', 2, 50, NULL, 41, NULL, NULL, 40),
(152, 1, 'EPP urgente Colima', '2017-05-31 04:46:12', '2017-06-01 06:10:34', NULL, 'ACEPTADO', 2, 18, NULL, 41, NULL, NULL, 8),
(153, 1, 'Remesa Anual Hermosillo', '2017-05-31 10:22:15', '2017-06-01 06:34:51', NULL, 'ACEPTADO', 2, 25, NULL, 41, NULL, NULL, 15),
(154, 1, 'Requerimiento Anual Puebla', '2017-06-02 12:50:52', '2017-06-02 17:50:52', NULL, 'PEDIENTE', 2, 39, NULL, 41, NULL, NULL, 28),
(155, 1, 'Pedido Anual EPP Monclova', '2017-06-02 14:22:27', '2017-06-02 19:22:27', NULL, 'PEDIENTE', 2, 34, NULL, 41, NULL, NULL, 22),
(156, 1, 'Pedido Anual EPP Coatzacoalcos', '2017-06-02 13:19:49', '2017-06-02 18:19:49', NULL, 'PEDIENTE', 2, 40, NULL, 41, NULL, NULL, 7),
(157, 1, 'Pedido Anual EPP Tampico', '2017-06-02 14:29:34', '2017-06-02 19:29:34', NULL, 'PEDIENTE', 2, 37, NULL, 41, NULL, NULL, 32),
(158, 1, 'EPP urgente Tepic', '2017-05-31 04:34:21', '2017-06-01 06:09:00', NULL, 'ACEPTADO', 2, 20, NULL, 41, NULL, NULL, 33),
(159, 3, NULL, NULL, '2017-04-26 17:54:07', NULL, 'temporal', 2, 51, NULL, NULL, NULL, NULL, 3),
(161, 26, NULL, NULL, '2017-05-03 17:28:50', NULL, 'temporal', 2, 11, NULL, NULL, NULL, NULL, 26),
(166, 35, NULL, NULL, '2017-05-03 18:07:28', NULL, 'temporal', 2, 8, NULL, NULL, NULL, NULL, 35),
(167, 1, 'san luis', '2017-05-08 15:38:39', '2017-05-26 13:12:10', NULL, 'ACEPTADO', 2, 49, NULL, 41, NULL, NULL, 31),
(168, 2, 'Agencia San Luis', '2017-05-08 16:29:46', '2017-05-08 16:45:33', NULL, 'ACEPTADO', 2, 49, NULL, 41, NULL, NULL, 31),
(169, 31, NULL, NULL, '2017-05-08 21:29:47', NULL, 'temporal', 2, 49, NULL, NULL, NULL, NULL, 31),
(170, 17, NULL, NULL, '2017-05-09 00:51:37', NULL, 'temporal', 2, 52, NULL, NULL, NULL, NULL, 17),
(171, 40, NULL, NULL, '2017-05-11 20:43:40', NULL, 'temporal', 2, 50, NULL, NULL, NULL, NULL, 40),
(172, 24, NULL, NULL, '2017-05-18 00:48:45', NULL, 'temporal', 2, 47, NULL, NULL, NULL, NULL, 24),
(173, 1, 'Pedido EPP Acapulco ', '2017-05-22 14:47:01', '2017-05-22 19:47:01', NULL, 'PEDIENTE', 2, 48, NULL, 41, NULL, NULL, 2),
(174, 2, NULL, NULL, '2017-05-22 19:47:03', NULL, 'temporal', 2, 48, NULL, NULL, NULL, NULL, 2),
(175, 1, 'EPP urgente URGEN Cámara', '2017-05-31 04:30:25', '2017-06-01 06:07:58', NULL, 'ACEPTADO', 2, 27, NULL, 41, NULL, NULL, 20),
(176, 2, 'Requerimiento Anual Mexicali 2017', '2017-05-31 07:37:21', '2017-06-01 06:12:11', NULL, 'ACEPTADO', 2, 27, NULL, 41, NULL, NULL, 20),
(177, 2, 'Remesa Anual Vallarta', '2017-06-01 08:34:43', '2017-06-01 13:34:44', NULL, 'PEDIENTE', 2, 20, NULL, 41, NULL, NULL, 33),
(178, 1, 'EPP urgente Culiacan', '2017-05-31 04:37:58', '2017-06-01 06:09:34', NULL, 'ACEPTADO', 2, 23, NULL, 41, NULL, NULL, 10),
(179, 2, 'requerimiento anual', '2017-06-01 08:09:37', '2017-06-01 13:09:37', NULL, 'PEDIENTE', 2, 23, NULL, 41, NULL, NULL, 10),
(180, 1, 'EPP urgente Mazatlan', '2017-05-31 04:41:39', '2017-06-01 06:09:49', NULL, 'ACEPTADO', 2, 22, NULL, 41, NULL, NULL, 18),
(181, 2, 'Remesa anual de EPP  2017', '2017-06-01 17:57:41', '2017-06-01 22:57:41', NULL, 'PEDIENTE', 2, 22, NULL, 41, NULL, NULL, 18),
(182, 2, 'REMESA ANUAL AGENCIA LA PAZ', '2017-05-31 06:07:43', '2017-06-01 06:11:02', NULL, 'ACEPTADO', 2, 29, NULL, 41, NULL, NULL, 16),
(183, 2, 'REMESA ANUAL 2017 AGENCIA COLIMA', '2017-05-31 06:21:18', '2017-06-01 06:11:18', NULL, 'ACEPTADO', 2, 18, NULL, 41, NULL, NULL, 8),
(184, 1, 'REMESA ANUAL EPP TIJUANA 2017', '2017-06-02 04:53:34', '2017-06-02 09:53:34', NULL, 'PEDIENTE', 2, 28, NULL, 41, NULL, NULL, 34),
(185, 3, 'STOCK AGENCIA LA PAZ', '2017-05-31 06:22:08', '2017-06-01 06:11:33', NULL, 'ACEPTADO', 2, 29, NULL, 41, NULL, NULL, 16),
(186, 3, 'STOCK AGENCIA COLIMA 2017-2018', '2017-05-31 07:16:50', '2017-06-01 06:11:49', NULL, 'ACEPTADO', 2, 18, NULL, 41, NULL, NULL, 8),
(187, 16, NULL, NULL, '2017-05-31 11:22:08', NULL, 'temporal', 2, 29, NULL, NULL, NULL, NULL, 16),
(188, 1, 'Remesa anual Guadalajara 2017', '2017-06-01 04:02:07', '2017-06-01 10:01:29', NULL, 'ACEPTADO', 2, 19, NULL, 41, NULL, NULL, 13),
(189, 8, NULL, NULL, '2017-05-31 12:16:51', NULL, 'temporal', 2, 18, NULL, NULL, NULL, NULL, 8),
(190, 3, 'Stock Anual Mexicali 2017', '2017-05-31 07:59:46', '2017-06-01 01:34:28', NULL, 'ACEPTADO', 2, 27, NULL, 41, NULL, NULL, 20),
(191, 20, NULL, NULL, '2017-05-31 12:59:47', NULL, 'temporal', 2, 27, NULL, NULL, NULL, NULL, 20),
(192, 2, 'Remesa anual Cd Obregon', '2017-05-31 10:35:00', '2017-05-31 15:35:00', NULL, 'PEDIENTE', 2, 25, NULL, 41, NULL, NULL, 15),
(193, 15, NULL, NULL, '2017-05-31 15:35:02', NULL, 'temporal', 2, 25, NULL, NULL, NULL, NULL, 15),
(194, 2, 'Stock agencia Guadalajara 2017', '2017-06-01 04:58:57', '2017-06-01 10:01:07', NULL, 'ACEPTADO', 2, 19, NULL, 41, NULL, NULL, 13),
(195, 13, NULL, NULL, '2017-06-01 09:58:57', NULL, 'temporal', 2, 19, NULL, NULL, NULL, NULL, 13),
(196, 3, 'pedido stock culiacan', '2017-06-01 08:37:33', '2017-06-01 13:37:33', NULL, 'PEDIENTE', 2, 23, NULL, 41, NULL, NULL, 10),
(197, 3, 'STOCK Vallarta', '2017-06-01 09:06:27', '2017-06-01 14:06:27', NULL, 'PEDIENTE', 2, 20, NULL, 41, NULL, NULL, 33),
(198, 10, NULL, NULL, '2017-06-01 13:37:36', NULL, 'temporal', 2, 23, NULL, NULL, NULL, NULL, 10),
(199, 4, 'REMESA ANUAL TEPIC', '2017-06-01 10:11:33', '2017-06-01 10:13:58', NULL, 'PEDIENTE', 2, 20, NULL, 41, NULL, NULL, 33),
(200, 5, 'STOCK TEPIC 2017', '2017-06-01 10:50:09', '2017-06-01 10:50:33', NULL, 'PEDIENTE', 2, 20, NULL, 41, NULL, NULL, 33),
(201, 33, NULL, NULL, '2017-06-01 15:50:10', NULL, 'temporal', 2, 20, NULL, NULL, NULL, NULL, 33),
(202, 3, 'Remesa anual de EPP  2017', '2017-06-01 18:18:27', '2017-06-01 23:18:27', NULL, 'PEDIENTE', 2, 22, NULL, 41, NULL, NULL, 18),
(203, 18, NULL, NULL, '2017-06-01 23:18:28', NULL, 'temporal', 2, 22, NULL, NULL, NULL, NULL, 18),
(204, 2, 'STOCK TIJUANA 2017', '2017-06-02 07:32:01', '2017-06-02 12:32:01', NULL, 'PEDIENTE', 2, 28, NULL, 41, NULL, NULL, 34),
(205, 34, NULL, NULL, '2017-06-02 12:32:02', NULL, 'temporal', 2, 28, NULL, NULL, NULL, NULL, 34),
(206, 28, NULL, NULL, '2017-06-02 17:50:52', NULL, 'temporal', 2, 39, NULL, NULL, NULL, NULL, 28),
(207, 1, 'Pedido Anual Mérida EPP', '2017-06-02 13:04:33', '2017-06-02 18:04:33', NULL, 'PEDIENTE', 2, 43, NULL, 41, NULL, NULL, 19),
(208, 19, NULL, NULL, '2017-06-02 18:04:34', NULL, 'temporal', 2, 43, NULL, NULL, NULL, NULL, 19),
(209, 1, 'Pedido Anual EPP Cancún', '2017-06-02 13:10:32', '2017-06-02 18:10:32', NULL, 'PEDIENTE', 2, 44, NULL, 41, NULL, NULL, 4),
(210, 4, NULL, NULL, '2017-06-02 18:10:33', NULL, 'temporal', 2, 44, NULL, NULL, NULL, NULL, 4),
(211, 7, NULL, NULL, '2017-06-02 18:19:49', NULL, 'temporal', 2, 40, NULL, NULL, NULL, NULL, 7),
(212, 1, 'Pedido Anual EPP Oaxaca', '2017-06-02 13:27:31', '2017-06-02 18:27:31', NULL, 'PEDIENTE', 2, 45, NULL, 41, NULL, NULL, 25),
(213, 25, NULL, NULL, '2017-06-02 18:27:32', NULL, 'temporal', 2, 45, NULL, NULL, NULL, NULL, 25),
(214, 1, 'Pedido Anual EPP Villahermosa', '2017-06-02 13:34:32', '2017-06-02 18:34:32', NULL, 'PEDIENTE', 2, 42, NULL, 41, NULL, NULL, 39),
(215, 39, NULL, NULL, '2017-06-02 18:34:33', NULL, 'temporal', 2, 42, NULL, NULL, NULL, NULL, 39),
(216, 38, NULL, NULL, '2017-06-02 18:44:55', NULL, 'temporal', 2, 41, NULL, NULL, NULL, NULL, 38),
(217, 1, 'Pedido Anual EPP Chihuahua', '2017-06-02 13:57:50', '2017-06-02 18:57:50', NULL, 'PEDIENTE', 2, 30, NULL, 41, NULL, NULL, 6),
(218, 6, NULL, NULL, '2017-06-02 18:57:51', NULL, 'temporal', 2, 30, NULL, NULL, NULL, NULL, 6),
(219, 30, NULL, NULL, '2017-06-02 19:04:09', NULL, 'temporal', 2, 36, NULL, NULL, NULL, NULL, 30),
(220, 1, 'Pedido Anual EPP Durango', '2017-06-02 14:09:20', '2017-06-02 19:09:20', NULL, 'PEDIENTE', 2, 32, NULL, 41, NULL, NULL, 11),
(221, 11, NULL, NULL, '2017-06-02 19:09:20', NULL, 'temporal', 2, 32, NULL, NULL, NULL, NULL, 11),
(222, 1, 'Pedido Anual EPP Reynosa', '2017-06-02 14:16:13', '2017-06-02 19:16:13', NULL, 'PEDIENTE', 2, 38, NULL, 41, NULL, NULL, 29),
(223, 29, NULL, NULL, '2017-06-02 19:16:13', NULL, 'temporal', 2, 38, NULL, NULL, NULL, NULL, 29),
(224, 22, NULL, NULL, '2017-06-02 19:22:28', NULL, 'temporal', 2, 34, NULL, NULL, NULL, NULL, 22),
(225, 32, NULL, NULL, '2017-06-02 19:29:35', NULL, 'temporal', 2, 37, NULL, NULL, NULL, NULL, 32),
(226, 1, 'Pedido Anual EPP Cd Juárez', '2017-06-02 14:35:18', '2017-06-02 19:35:18', NULL, 'PEDIENTE', 2, 31, NULL, 41, NULL, NULL, 5),
(227, 5, NULL, NULL, '2017-06-02 19:35:18', NULL, 'temporal', 2, 31, NULL, NULL, NULL, NULL, 5),
(228, 1, 'Pedido Anual EPP Gómez Palacios', '2017-06-02 14:41:13', '2017-06-02 19:41:13', NULL, 'PEDIENTE', 2, 33, NULL, 41, NULL, NULL, 14),
(229, 14, NULL, NULL, '2017-06-02 19:41:13', NULL, 'temporal', 2, 33, NULL, NULL, NULL, NULL, 14),
(230, 1, 'Pedido Anual EPP Monterrey', '2017-06-02 14:50:10', '2017-06-02 19:50:10', NULL, 'PEDIENTE', 2, 35, NULL, 41, NULL, NULL, 23),
(231, 23, NULL, NULL, '2017-06-02 19:50:11', NULL, 'temporal', 2, 35, NULL, NULL, NULL, NULL, 23);

-- --------------------------------------------------------

--
-- Estructura de tabla para la tabla `usuario`
--

CREATE TABLE `usuario` (
  `idUsuario` int(11) NOT NULL,
  `nombre` varchar(45) DEFAULT NULL,
  `primer_apellido` varchar(45) DEFAULT NULL,
  `email` varchar(45) DEFAULT NULL,
  `contrasena` varchar(45) DEFAULT NULL,
  `acceso` int(11) DEFAULT NULL,
  `estado` varchar(45) DEFAULT NULL,
  `registro` timestamp NULL DEFAULT CURRENT_TIMESTAMP,
  `idAgencias` int(11) DEFAULT NULL
) ENGINE=InnoDB DEFAULT CHARSET=utf8;

--
-- Volcado de datos para la tabla `usuario`
--

INSERT INTO `usuario` (`idUsuario`, `nombre`, `primer_apellido`, `email`, `contrasena`, `acceso`, `estado`, `registro`, `idAgencias`) VALUES
(3, 'Admin', 'Admin', 'eduardopadilla@helpmex.com.mx', '12345', 1, '1', '2015-12-26 13:12:16', 41),
(4, 'Eduardo', 'Hernandez', 'eduardo-J.hernandez@unilever.com', '12345', 2, '1', '2015-12-30 18:03:03', 1),
(6, 'Eduardo', 'Arana', 'laloarana@yahoo.com', '12345', 1, '1', '2015-12-26 13:12:16', 41),
(8, 'Jose', 'Mejorada', 'mejorada.jose@unilever.com', '12345', 2, '1', '2016-11-24 13:00:19', 35),
(9, 'Jesus', 'Sandoval', 'jesus.sandoval@unilever.com', '12345', 2, '1', '2016-11-24 13:01:29', 37),
(10, 'Enrique', 'Ramos', 'enrique.ramos@unilever.com', '12345', 2, '1', '2016-11-24 13:03:17', 36),
(11, 'Alan', 'Mendez', 'alan.mendez@unilever.com', '12345', 2, '1', '2016-11-24 13:03:58', 26),
(17, 'Jose Luis', 'Flores', 'jose.flores@unilever.com', '12345', 2, '1', '2017-02-14 21:20:12', 41),
(18, 'Gersain', 'Galvez', 'gersain.galvez@unilever.com', '12345', 2, '1', '2017-03-07 15:26:12', 8),
(19, 'Francisco', 'Arce', 'francisco.arce@unilever.com', '12345', 2, '1', '2017-03-07 15:27:05', 13),
(20, 'Fidel', 'Medina', 'fidel.medina@unilever.com', '12345', 2, '1', '2017-03-07 15:30:49', 33),
(21, 'Fidel', 'Medina', 'fidel.medina@unilever.com', '12345', 2, '1', '2017-03-07 15:31:22', 27),
(22, 'Hector', 'Valdivia', 'gabriel.valdivia@unilever.com', '12345', 2, '1', '2017-03-07 15:32:17', 18),
(23, 'Jose Luis ', 'Estrada', 'luis.estrada@unilever.com', '12345', 2, '1', '2017-03-07 15:32:51', 10),
(24, 'Jose Luis', 'Estrada', 'luis.estrada@unilever.com', '12345', 2, '1', '2017-03-07 15:33:29', 21),
(25, 'Eduardo', 'Garza', 'eduardo.garza@unilever.com', '12345', 2, '1', '2017-03-07 15:35:26', 15),
(26, 'Eduardo', 'Garza', 'eduardo.garza@unilever.com', '12345', 2, '1', '2017-03-07 15:41:04', 42),
(27, 'Abdon', 'Orduño', 'abdon.orduno@unilever.com', '12345', 2, '1', '2017-03-07 15:41:57', 20),
(28, 'Manuel', 'Barrera', 'manuel.barrera@unilever.com', '12345', 2, '1', '2017-03-07 15:42:32', 34),
(29, 'Clara', 'Peralta', 'clara.peralta@unilever.com', '12345', 2, '1', '2017-03-07 15:43:03', 16),
(30, 'Marco', 'Cardeña', 'marco.cardena@unilever.com', '12345', 2, '1', '2017-03-07 15:58:38', 6),
(31, 'Jorge', 'Navarro', 'jorge-b.navarro@unilever.com', '12345', 2, '1', '2017-03-07 15:59:18', 5),
(32, 'Cesar', 'Razo', 'ser-cesar.razo@unilever.com', '12345', 2, '1', '2017-03-07 16:08:35', 11),
(33, 'Julio', 'Hernandez', 'julio.hernandez@unilever.com', '12345', 2, '1', '2017-03-07 16:09:53', 14),
(34, 'Roberto', 'Riojas', 'roberto.riojas@unilever.com', '12345', 2, '1', '2017-03-07 16:10:45', 22),
(35, 'Arturo', 'Fonseca', 'arturo.fonseca@unilever.com', '12345', 2, '1', '2017-03-07 16:11:20', 23),
(36, 'Jesus', 'Ramos ', 'jesus.ramos@unilever.com', '12345', 2, '1', '2017-03-07 16:12:08', 30),
(37, 'Gregorio', 'Ponce', 'gregorio.ponce@unilever.com', '12345', 2, '1', '2017-03-07 16:13:06', 32),
(38, 'Hugo', 'Martinez', 'ser-hugo.martinez@unilever.com', '12345', 2, '1', '2017-03-07 16:30:51', 29),
(39, 'Manuel', 'Fayad', 'fayad.campos@unilever.com', '12345', 2, '1', '2017-03-07 16:31:40', 28),
(40, 'Miguel', 'Amezquita', 'miguel.amezquita@unilever.com', '12345', 2, '1', '2017-03-07 16:32:20', 7),
(41, 'Isaias', 'Martinez', 'isaias.martinez@unilever.com', '12345', 2, '1', '2017-03-07 16:33:16', 38),
(42, 'Luis', 'Zavala', 'luis.zavala@unilever.com', '12345', 2, '1', '2017-03-07 16:33:48', 39),
(43, 'Manuel', 'Santana', 'manuel.santana@unilever.com', '12345', 2, '1', '2017-03-07 16:34:32', 19),
(44, 'Luis', 'Dzul', 'luis.dzul@unilever.com', '12345', 2, '1', '2017-03-07 16:35:07', 4),
(45, 'Roberto', 'Egremy', 'roberto.egremy@unilever.com', '12345', 2, '1', '2017-03-07 16:35:50', 25),
(46, 'Manuel', 'Hernandez', 'jose-m.hernandez@unilever.com', '12345', 2, '1', '2017-03-07 16:37:38', 9),
(47, 'Saul', 'Aguero', 'saul.aguero@unilever.com', '12345', 2, '1', '2017-03-07 16:38:22', 24),
(48, 'Tirso', 'Reyes', 'tirso.j-reyes@unilever.com', '12345', 2, '1', '2017-03-07 16:39:03', 2),
(49, 'Juan Francisco', 'Baltazar', 'juan.baltazar@unilever.com', '12345', 2, '1', '2017-03-07 16:39:45', 31),
(50, 'Alfonso', 'Gallardo', 'alfonso.gallardo@unilever.com', '12345', 2, '1', '2017-03-07 16:40:38', 40),
(51, 'Jua Manuel', 'Perez', 'juan.m.perez@unilever.com', '12345', 2, '1', '2017-03-07 16:41:28', 3),
(52, 'Alejandro', 'Mayen', 'alejandro.sanchez-Mayen@unilever.com', '12345', 2, '1', '2017-03-07 16:43:00', 17);

--
-- Índices para tablas volcadas
--

--
-- Indices de la tabla `agencias`
--
ALTER TABLE `agencias`
  ADD PRIMARY KEY (`idAgencias`);

--
-- Indices de la tabla `categorias`
--
ALTER TABLE `categorias`
  ADD PRIMARY KEY (`idCategorias`);

--
-- Indices de la tabla `entradas`
--
ALTER TABLE `entradas`
  ADD PRIMARY KEY (`idEntradas`),
  ADD KEY `fk_Entradas_Tiket1_idx` (`idTiket`),
  ADD KEY `fk_Entradas_Productos1_idx` (`idProductos`);

--
-- Indices de la tabla `existencias`
--
ALTER TABLE `existencias`
  ADD PRIMARY KEY (`idExistencias`),
  ADD KEY `fk_Existencias_Productos1_idx` (`idProductos`),
  ADD KEY `fk_Existencias_Agencias1_idx` (`idAgencias`);

--
-- Indices de la tabla `long`
--
ALTER TABLE `long`
  ADD PRIMARY KEY (`idLong`),
  ADD KEY `fk_Long_Usuario1_idx` (`idUsuario`);

--
-- Indices de la tabla `productos`
--
ALTER TABLE `productos`
  ADD PRIMARY KEY (`idProductos`),
  ADD KEY `fk_Productos_Categorias_idx` (`idCategorias`),
  ADD KEY `fk_Productos_Usuario1_idx` (`idUsuario`);

--
-- Indices de la tabla `salida`
--
ALTER TABLE `salida`
  ADD PRIMARY KEY (`idSalida`),
  ADD KEY `fk_Salida_Tiket1_idx` (`idTiket`),
  ADD KEY `fk_Salida_Productos1_idx` (`idProductos`);

--
-- Indices de la tabla `tiket`
--
ALTER TABLE `tiket`
  ADD PRIMARY KEY (`idTiket`),
  ADD KEY `fk_Tiket_Usuario1_idx` (`idUsuario`),
  ADD KEY `fk_tiket_agencias1_idx` (`idAgencias`);

--
-- Indices de la tabla `usuario`
--
ALTER TABLE `usuario`
  ADD PRIMARY KEY (`idUsuario`),
  ADD KEY `fk_Usuario_Agencias1_idx` (`idAgencias`);

--
-- AUTO_INCREMENT de las tablas volcadas
--

--
-- AUTO_INCREMENT de la tabla `agencias`
--
ALTER TABLE `agencias`
  MODIFY `idAgencias` int(11) NOT NULL AUTO_INCREMENT, AUTO_INCREMENT=43;
--
-- AUTO_INCREMENT de la tabla `categorias`
--
ALTER TABLE `categorias`
  MODIFY `idCategorias` int(11) NOT NULL AUTO_INCREMENT, AUTO_INCREMENT=10;
--
-- AUTO_INCREMENT de la tabla `entradas`
--
ALTER TABLE `entradas`
  MODIFY `idEntradas` bigint(20) NOT NULL AUTO_INCREMENT, AUTO_INCREMENT=317;
--
-- AUTO_INCREMENT de la tabla `existencias`
--
ALTER TABLE `existencias`
  MODIFY `idExistencias` bigint(20) NOT NULL AUTO_INCREMENT, AUTO_INCREMENT=134;
--
-- AUTO_INCREMENT de la tabla `long`
--
ALTER TABLE `long`
  MODIFY `idLong` bigint(20) NOT NULL AUTO_INCREMENT;
--
-- AUTO_INCREMENT de la tabla `productos`
--
ALTER TABLE `productos`
  MODIFY `idProductos` int(11) NOT NULL AUTO_INCREMENT, AUTO_INCREMENT=49;
--
-- AUTO_INCREMENT de la tabla `salida`
--
ALTER TABLE `salida`
  MODIFY `idSalida` bigint(20) NOT NULL AUTO_INCREMENT, AUTO_INCREMENT=879;
--
-- AUTO_INCREMENT de la tabla `tiket`
--
ALTER TABLE `tiket`
  MODIFY `idTiket` int(11) NOT NULL AUTO_INCREMENT, AUTO_INCREMENT=232;
--
-- AUTO_INCREMENT de la tabla `usuario`
--
ALTER TABLE `usuario`
  MODIFY `idUsuario` int(11) NOT NULL AUTO_INCREMENT, AUTO_INCREMENT=53;
--
-- Restricciones para tablas volcadas
--

--
-- Filtros para la tabla `entradas`
--
ALTER TABLE `entradas`
  ADD CONSTRAINT `fk_Entradas_Productos1` FOREIGN KEY (`idProductos`) REFERENCES `productos` (`idProductos`) ON DELETE NO ACTION ON UPDATE NO ACTION,
  ADD CONSTRAINT `fk_Entradas_Tiket1` FOREIGN KEY (`idTiket`) REFERENCES `tiket` (`idTiket`) ON DELETE CASCADE ON UPDATE CASCADE;

--
-- Filtros para la tabla `existencias`
--
ALTER TABLE `existencias`
  ADD CONSTRAINT `fk_Existencias_Agencias1` FOREIGN KEY (`idAgencias`) REFERENCES `agencias` (`idAgencias`) ON DELETE NO ACTION ON UPDATE NO ACTION,
  ADD CONSTRAINT `fk_Existencias_Productos1` FOREIGN KEY (`idProductos`) REFERENCES `productos` (`idProductos`) ON DELETE NO ACTION ON UPDATE NO ACTION;

--
-- Filtros para la tabla `long`
--
ALTER TABLE `long`
  ADD CONSTRAINT `fk_Long_Usuario1` FOREIGN KEY (`idUsuario`) REFERENCES `usuario` (`idUsuario`) ON DELETE NO ACTION ON UPDATE NO ACTION;

--
-- Filtros para la tabla `productos`
--
ALTER TABLE `productos`
  ADD CONSTRAINT `fk_Productos_Categorias` FOREIGN KEY (`idCategorias`) REFERENCES `categorias` (`idCategorias`) ON DELETE NO ACTION ON UPDATE NO ACTION,
  ADD CONSTRAINT `fk_Productos_Usuario1` FOREIGN KEY (`idUsuario`) REFERENCES `usuario` (`idUsuario`) ON DELETE NO ACTION ON UPDATE NO ACTION;

--
-- Filtros para la tabla `salida`
--
ALTER TABLE `salida`
  ADD CONSTRAINT `fk_Salida_Productos1` FOREIGN KEY (`idProductos`) REFERENCES `productos` (`idProductos`) ON DELETE NO ACTION ON UPDATE NO ACTION,
  ADD CONSTRAINT `fk_Salida_Tiket1` FOREIGN KEY (`idTiket`) REFERENCES `tiket` (`idTiket`) ON DELETE CASCADE ON UPDATE CASCADE;

--
-- Filtros para la tabla `tiket`
--
ALTER TABLE `tiket`
  ADD CONSTRAINT `fk_Tiket_Usuario1` FOREIGN KEY (`idUsuario`) REFERENCES `usuario` (`idUsuario`) ON DELETE NO ACTION ON UPDATE NO ACTION,
  ADD CONSTRAINT `fk_tiket_agencias1` FOREIGN KEY (`idAgencias`) REFERENCES `agencias` (`idAgencias`) ON DELETE NO ACTION ON UPDATE NO ACTION;

--
-- Filtros para la tabla `usuario`
--
ALTER TABLE `usuario`
  ADD CONSTRAINT `fk_Usuario_Agencias1` FOREIGN KEY (`idAgencias`) REFERENCES `agencias` (`idAgencias`) ON DELETE NO ACTION ON UPDATE NO ACTION;

/*!40101 SET CHARACTER_SET_CLIENT=@OLD_CHARACTER_SET_CLIENT */;
/*!40101 SET CHARACTER_SET_RESULTS=@OLD_CHARACTER_SET_RESULTS */;
/*!40101 SET COLLATION_CONNECTION=@OLD_COLLATION_CONNECTION */;
